unit_id,shift,supplier_offspec_batch,fault_A_active,fault_B_active,fault_C_active,defect,defect_source_station
1,Day,False,False,False,False,False,
2,Day,False,False,False,False,False,
3,Day,False,False,False,False,False,
4,Day,False,False,False,False,False,
5,Day,False,False,False,False,False,
6,Day,False,False,False,False,False,
7,Day,False,False,False,False,False,
8,Day,False,False,False,False,False,
9,Day,False,False,False,False,False,
10,Day,False,False,False,False,False,
11,Day,False,False,False,False,False,
12,Day,False,False,False,False,False,
13,Day,False,False,False,False,False,
14,Day,False,False,False,False,False,
15,Day,False,False,False,False,False,
16,Day,False,False,False,False,False,
17,Day,False,False,False,False,False,
18,Day,False,False,False,False,False,
19,Day,False,False,False,False,False,
20,Day,False,False,False,False,False,
21,Day,False,False,False,False,False,
22,Day,False,False,False,False,False,
23,Day,False,False,False,False,False,
24,Day,False,False,False,False,False,
25,Day,False,False,False,False,False,
26,Day,False,False,False,False,False,
27,Day,False,False,False,False,False,
28,Day,False,False,False,False,False,
29,Day,False,False,False,False,False,
30,Day,False,False,False,False,False,
31,Day,False,False,False,False,False,
32,Day,False,False,False,False,False,
33,Day,False,False,False,False,False,
34,Day,False,False,False,False,False,
35,Day,False,False,False,False,False,
36,Day,False,False,False,False,False,
37,Day,False,False,False,False,False,
38,Day,False,False,False,False,False,
39,Day,False,False,False,False,False,
40,Day,False,False,False,False,False,
41,Day,False,False,False,False,False,
42,Day,False,False,False,False,False,
43,Day,False,False,False,False,False,
44,Day,False,False,False,False,False,
45,Day,False,False,False,False,False,
46,Day,False,False,False,False,False,
47,Day,False,False,False,False,False,
48,Day,False,False,False,False,False,
49,Day,False,False,False,False,False,
50,Day,False,False,False,False,False,
51,Day,False,False,False,False,False,
52,Day,False,False,False,False,False,
53,Day,False,False,False,False,False,
54,Day,False,False,False,False,False,
55,Day,False,False,False,False,False,
56,Day,False,False,False,False,False,
57,Day,False,False,False,False,False,
58,Day,False,False,False,False,False,
59,Day,False,False,False,False,False,
60,Day,False,False,False,False,False,
61,Day,False,False,False,False,False,
62,Day,False,False,False,False,False,
63,Day,False,False,False,False,False,
64,Day,False,False,False,False,False,
65,Day,False,False,False,False,False,
66,Day,False,False,False,False,False,
67,Day,False,False,False,False,False,
68,Day,False,False,False,False,False,
69,Day,False,False,False,False,False,
70,Day,False,False,False,False,False,
71,Day,False,False,False,False,False,
72,Day,False,False,False,False,False,
73,Day,False,False,False,False,False,
74,Day,False,False,False,False,False,
75,Day,False,False,False,False,False,
76,Day,False,False,False,False,False,
77,Day,False,False,False,False,False,
78,Day,False,False,False,False,False,
79,Day,False,False,False,False,False,
80,Day,False,False,False,False,False,
81,Day,False,False,False,False,False,
82,Day,False,False,False,False,False,
83,Day,False,False,False,False,False,
84,Day,False,False,False,False,False,
85,Day,False,False,False,False,False,
86,Day,False,False,False,False,False,
87,Day,False,False,False,False,False,
88,Day,False,False,False,False,False,
89,Day,False,False,False,False,False,
90,Day,False,False,False,False,False,
91,Day,False,False,False,False,False,
92,Day,False,False,False,False,False,
93,Day,False,False,False,False,False,
94,Day,False,False,False,False,False,
95,Day,False,False,False,False,False,
96,Day,False,False,False,False,False,
97,Day,False,False,False,False,False,
98,Day,False,False,False,False,False,
99,Day,False,False,False,False,False,
100,Day,False,False,False,False,False,
101,Day,False,False,False,False,False,
102,Day,False,False,False,False,False,
103,Day,False,False,False,False,False,
104,Day,False,False,False,False,False,
105,Day,False,False,False,False,False,
106,Day,False,False,False,False,False,
107,Day,False,False,False,False,False,
108,Day,False,False,False,False,False,
109,Day,False,False,False,False,False,
110,Day,False,False,False,False,False,
111,Day,False,False,False,False,False,
112,Day,False,False,False,False,False,
113,Day,False,False,False,False,False,
114,Day,False,False,False,False,False,
115,Day,False,False,False,False,False,
116,Day,False,False,False,False,False,
117,Day,False,False,False,False,False,
118,Day,False,False,False,False,False,
119,Day,False,False,False,False,False,
120,Day,False,False,False,False,False,
121,Day,False,False,False,False,False,
122,Day,False,False,False,False,False,
123,Day,False,False,False,False,False,
124,Day,False,False,False,False,False,
125,Day,False,False,False,False,False,
126,Day,False,False,False,False,False,
127,Day,False,False,False,False,False,
128,Day,False,False,False,False,False,
129,Day,False,False,False,False,False,
130,Day,False,False,False,False,False,
131,Day,False,False,False,False,False,
132,Day,False,False,False,False,False,
133,Day,False,False,False,False,False,
134,Day,False,False,False,False,False,
135,Day,False,False,False,False,False,
136,Day,False,False,False,False,False,
137,Day,False,False,False,False,False,
138,Day,False,False,False,False,False,
139,Day,False,False,False,False,False,
140,Day,False,False,False,False,False,
141,Day,False,False,False,False,False,
142,Day,False,False,False,False,False,
143,Day,False,False,False,False,False,
144,Day,False,False,False,False,False,
145,Day,False,False,False,False,False,
146,Day,False,False,False,False,False,
147,Day,False,False,False,False,False,
148,Day,False,False,False,False,False,
149,Day,False,False,False,False,False,
150,Day,False,False,False,False,False,
151,Day,False,False,False,False,False,
152,Day,False,False,False,False,False,
153,Day,False,False,False,False,False,
154,Day,False,False,False,False,False,
155,Day,False,False,False,False,False,
156,Day,False,False,False,False,False,
157,Day,False,False,False,False,False,
158,Day,False,False,False,False,False,
159,Day,False,False,False,False,False,
160,Day,False,False,False,False,False,
161,Day,False,False,False,False,False,
162,Day,False,False,False,False,False,
163,Day,False,False,False,False,False,
164,Day,False,False,False,False,False,
165,Day,False,False,False,False,False,
166,Day,False,False,False,False,False,
167,Day,False,False,False,False,False,
168,Day,False,False,False,False,False,
169,Day,False,False,False,False,False,
170,Day,False,False,False,False,False,
171,Day,False,False,False,False,False,
172,Day,False,False,False,False,False,
173,Day,False,False,False,False,False,
174,Day,False,False,False,False,False,
175,Day,False,False,False,False,False,
176,Day,False,False,False,False,False,
177,Day,False,False,False,False,False,
178,Day,False,False,False,False,False,
179,Day,False,False,False,False,False,
180,Day,False,False,False,False,False,
181,Day,False,False,False,False,False,
182,Day,False,False,False,False,False,
183,Day,False,False,False,False,False,
184,Day,False,False,False,False,False,
185,Day,False,False,False,False,False,
186,Day,False,False,False,False,False,
187,Day,False,False,False,False,False,
188,Day,False,False,False,False,False,
189,Day,False,False,False,False,False,
190,Day,False,False,False,False,False,
191,Day,False,False,False,False,False,
192,Day,False,False,False,False,False,
193,Day,False,False,False,False,False,
194,Day,False,False,False,False,False,
195,Day,False,False,False,False,False,
196,Day,False,False,False,False,False,
197,Day,False,False,False,False,False,
198,Day,False,False,False,False,False,
199,Day,False,False,False,False,False,
200,Day,False,False,False,False,False,
201,Day,False,False,False,False,False,
202,Day,False,False,False,False,False,
203,Day,False,False,False,False,False,
204,Day,False,False,False,False,False,
205,Day,False,False,False,False,False,
206,Day,False,False,False,False,False,
207,Day,False,False,False,False,False,
208,Day,False,False,False,False,False,
209,Day,False,False,False,False,False,
210,Day,False,False,False,False,False,
211,Day,False,False,False,False,False,
212,Day,False,False,False,False,False,
213,Day,False,False,False,False,False,
214,Day,False,False,False,False,False,
215,Day,False,False,False,False,False,
216,Day,False,False,False,False,False,
217,Day,False,False,False,False,False,
218,Day,False,False,False,False,False,
219,Day,False,False,False,False,False,
220,Day,False,False,False,False,False,
221,Day,False,False,False,False,False,
222,Day,False,False,False,False,False,
223,Day,False,False,False,False,False,
224,Day,False,False,False,False,False,
225,Day,False,False,False,False,False,
226,Day,False,False,False,False,False,
227,Day,False,False,False,False,False,
228,Day,False,False,False,False,False,
229,Day,False,False,False,False,False,
230,Day,False,False,False,False,False,
231,Day,False,False,False,False,False,
232,Day,False,False,False,False,False,
233,Day,False,False,False,False,False,
234,Day,False,False,False,False,False,
235,Day,False,False,False,False,False,
236,Day,False,False,False,False,False,
237,Day,False,False,False,False,False,
238,Day,False,False,False,False,False,
239,Day,False,False,False,False,False,
240,Day,True,False,False,False,False,
241,Day,True,False,False,False,False,
242,Day,True,False,False,False,False,
243,Day,True,False,False,False,False,
244,Day,True,False,False,False,False,
245,Day,True,False,False,False,False,
246,Day,True,False,False,False,False,
247,Day,True,False,False,False,False,
248,Day,True,False,False,False,False,
249,Day,True,False,False,False,False,
250,Night,True,False,False,False,False,
251,Night,True,False,False,False,False,
252,Night,True,False,False,False,False,
253,Night,True,False,False,False,False,
254,Night,True,False,False,False,False,
255,Night,True,False,False,False,False,
256,Night,True,False,False,False,False,
257,Night,True,False,False,False,False,
258,Night,True,False,False,False,False,
259,Night,True,False,False,False,False,
260,Night,True,False,False,False,False,
261,Night,True,False,False,False,False,
262,Night,True,False,False,False,False,
263,Night,True,False,False,False,False,
264,Night,True,False,False,False,False,
265,Night,True,False,True,False,True,7.0
266,Night,True,False,True,False,True,7.0
267,Night,True,False,True,False,True,7.0
268,Night,True,False,True,False,True,7.0
269,Night,True,False,False,False,False,
270,Night,True,False,False,False,False,
271,Night,True,False,False,False,False,
272,Night,True,False,False,False,False,
273,Night,True,False,False,False,False,
274,Night,True,False,False,False,False,
275,Night,True,False,False,False,False,
276,Night,True,False,False,False,False,
277,Night,True,False,False,False,False,
278,Night,True,False,False,False,False,
279,Night,True,False,False,False,False,
280,Night,False,False,False,False,False,
281,Night,False,False,False,False,False,
282,Night,False,False,False,False,False,
283,Night,False,False,False,False,False,
284,Night,False,False,False,False,False,
285,Night,False,False,False,False,False,
286,Night,False,False,False,False,False,
287,Night,False,False,False,False,False,
288,Night,False,False,False,False,False,
289,Night,False,False,False,False,False,
290,Night,False,False,False,False,False,
291,Night,False,False,False,False,False,
292,Night,False,False,False,False,False,
293,Night,False,False,False,False,False,
294,Night,False,False,False,False,False,
295,Night,False,False,False,False,False,
296,Night,False,False,False,False,False,
297,Night,False,False,False,False,False,
298,Night,False,False,False,False,False,
299,Night,False,False,False,False,False,
300,Night,False,False,False,False,False,
301,Night,False,False,False,False,False,
302,Night,False,False,False,False,False,
303,Night,False,False,False,False,False,
304,Night,False,False,False,False,False,
305,Night,False,False,False,False,False,
306,Night,False,False,False,False,False,
307,Night,False,False,False,False,False,
308,Night,False,False,False,False,False,
309,Night,False,False,False,False,False,
310,Night,False,False,False,False,False,
311,Night,False,False,False,False,False,
312,Night,False,False,False,False,False,
313,Night,False,False,False,False,False,
314,Night,False,False,False,False,False,
315,Night,False,False,False,False,False,
316,Night,False,False,False,False,False,
317,Night,False,False,False,False,False,
318,Night,False,False,False,False,False,
319,Night,False,False,False,False,False,
320,Night,False,False,False,False,False,
321,Night,False,False,False,False,False,
322,Night,False,False,False,False,False,
323,Night,False,False,False,False,False,
324,Night,False,False,False,False,False,
325,Night,False,False,False,False,False,
326,Night,False,False,False,False,False,
327,Night,False,False,False,False,False,
328,Night,False,False,False,False,False,
329,Night,False,False,False,False,False,
330,Night,False,False,False,False,False,
331,Night,False,False,False,False,False,
332,Night,False,False,False,False,False,
333,Night,False,False,False,False,False,
334,Night,False,False,False,False,False,
335,Night,False,False,False,False,False,
336,Night,False,False,False,False,False,
337,Night,False,False,False,False,False,
338,Night,False,False,False,False,False,
339,Night,False,False,False,False,False,
340,Night,False,False,False,False,False,
341,Night,False,False,False,False,False,
342,Night,False,False,False,False,False,
343,Night,False,False,False,False,False,
344,Night,False,False,False,False,False,
345,Night,False,False,False,False,False,
346,Night,False,False,False,False,False,
347,Night,False,False,False,False,False,
348,Night,False,False,False,False,False,
349,Night,False,False,False,False,False,
350,Night,False,False,False,False,False,
351,Night,False,False,False,False,False,
352,Night,False,False,False,False,False,
353,Night,False,False,False,False,False,
354,Night,False,False,False,False,False,
355,Night,False,False,False,False,False,
356,Night,False,False,False,False,False,
357,Night,False,False,False,False,False,
358,Night,False,False,False,False,False,
359,Night,False,False,False,False,False,
360,Night,False,False,False,False,False,
361,Night,False,False,False,False,False,
362,Night,False,False,False,False,False,
363,Night,False,False,False,False,False,
364,Night,False,False,False,False,False,
365,Night,False,False,False,False,False,
366,Night,False,False,False,False,False,
367,Night,False,False,False,False,False,
368,Night,False,False,False,True,True,13.0
369,Night,False,False,False,False,False,
370,Night,False,False,False,False,False,
371,Night,False,False,False,False,False,
372,Night,False,False,False,False,False,
373,Night,False,False,False,False,False,
374,Night,False,False,False,False,False,
375,Night,False,False,False,False,False,
376,Night,False,False,False,False,False,
377,Night,False,False,False,False,False,
378,Night,False,False,False,False,False,
379,Night,False,False,False,False,False,
380,Night,False,False,False,False,False,
381,Night,False,False,False,False,False,
382,Night,False,False,False,False,False,
383,Night,False,False,False,False,False,
384,Night,False,False,False,False,False,
385,Night,False,False,False,False,False,
386,Night,False,False,False,False,False,
387,Night,False,False,False,False,False,
388,Night,False,False,False,False,False,
389,Night,False,False,False,False,False,
390,Night,False,False,False,False,False,
391,Night,False,False,False,False,False,
392,Night,False,False,False,False,False,
393,Night,False,False,False,False,False,
394,Night,False,False,False,False,False,
395,Night,False,False,False,False,False,
396,Night,False,False,False,False,False,
397,Night,False,False,False,False,False,
398,Night,False,False,False,False,False,
399,Night,False,False,False,False,False,
400,Night,False,False,False,False,False,
401,Night,False,False,False,False,False,
402,Night,False,False,False,False,False,
403,Night,False,False,False,False,False,
404,Night,False,False,False,False,False,
405,Night,False,False,False,False,False,
406,Night,False,False,False,False,False,
407,Night,False,False,False,False,False,
408,Night,False,False,False,False,False,
409,Night,False,False,False,False,False,
410,Night,False,False,False,False,False,
411,Night,False,False,False,False,False,
412,Night,False,False,False,False,False,
413,Night,False,False,False,False,False,
414,Night,False,False,False,False,False,
415,Night,False,False,False,False,False,
416,Night,False,False,False,False,False,
417,Night,False,False,False,False,False,
418,Night,False,False,False,False,False,
419,Night,False,False,False,False,False,
420,Night,False,False,False,False,False,
421,Night,False,False,False,False,False,
422,Night,False,False,False,False,False,
423,Night,False,False,False,False,False,
424,Night,False,False,False,False,False,
425,Night,False,False,False,False,False,
426,Night,False,False,False,False,False,
427,Night,False,False,False,False,False,
428,Night,False,False,False,False,False,
429,Night,False,False,False,False,False,
430,Night,False,False,False,False,False,
431,Night,False,False,False,False,False,
432,Night,False,False,False,False,False,
433,Night,False,False,False,False,False,
434,Night,False,False,False,False,False,
435,Night,False,False,False,False,False,
436,Night,False,False,False,False,False,
437,Night,False,False,False,False,False,
438,Night,False,False,False,False,False,
439,Night,False,False,False,True,True,13.0
440,Night,False,False,False,False,False,
441,Night,False,False,False,False,False,
442,Night,False,False,False,False,False,
443,Night,False,False,False,False,False,
444,Night,False,False,False,False,False,
445,Night,False,False,False,False,False,
446,Night,False,False,False,False,False,
447,Night,False,False,False,False,False,
448,Night,False,False,False,False,False,
449,Night,False,False,False,False,False,
450,Night,False,False,False,False,False,
451,Night,False,False,False,False,False,
452,Night,False,False,False,False,False,
453,Night,False,False,False,False,False,
454,Night,False,False,False,False,False,
455,Night,False,False,False,False,False,
456,Night,False,False,False,False,False,
457,Night,False,False,False,False,False,
458,Night,False,False,False,False,False,
459,Night,False,False,False,False,False,
460,Night,False,False,False,False,False,
461,Night,False,False,False,False,False,
462,Night,False,False,False,False,False,
463,Night,False,False,False,False,False,
464,Night,False,False,False,False,False,
465,Night,False,False,False,False,False,
466,Night,False,False,False,False,False,
467,Night,False,False,False,False,False,
468,Night,False,False,False,False,False,
469,Night,False,False,False,False,False,
470,Night,False,False,False,False,False,
471,Night,False,False,False,False,False,
472,Night,False,False,False,False,False,
473,Night,False,False,False,False,False,
474,Night,False,False,False,False,False,
475,Night,False,False,False,False,False,
476,Night,False,False,False,False,False,
477,Night,False,False,True,False,True,7.0
478,Night,False,False,False,False,False,
479,Night,False,False,False,False,False,
480,Night,False,False,True,False,True,7.0
481,Night,False,False,False,False,False,
482,Night,False,False,False,False,False,
483,Night,False,False,False,False,False,
484,Night,False,False,False,False,False,
485,Night,False,False,False,False,False,
486,Night,False,False,False,False,False,
487,Night,False,False,False,False,False,
488,Night,False,False,False,False,False,
489,Night,False,False,False,False,False,
490,Night,False,False,False,False,False,
491,Night,False,False,False,False,False,
492,Night,False,False,False,False,False,
493,Night,False,False,False,False,False,
494,Night,False,False,False,False,False,
495,Night,False,False,False,False,False,
496,Night,False,False,False,False,False,
497,Night,False,False,False,False,False,
498,Night,False,False,False,False,False,
499,Night,False,False,False,False,False,
500,Day,False,False,False,False,False,
501,Day,False,False,False,False,False,
502,Day,False,False,False,False,False,
503,Day,False,False,False,False,False,
504,Day,False,False,False,False,False,
505,Day,False,False,False,False,False,
506,Day,False,False,False,False,False,
507,Day,False,False,False,False,False,
508,Day,False,False,False,False,False,
509,Day,False,False,False,False,False,
510,Day,False,False,False,False,False,
511,Day,False,False,False,False,False,
512,Day,False,False,False,False,False,
513,Day,False,False,False,False,False,
514,Day,False,False,False,False,False,
515,Day,False,False,False,False,False,
516,Day,False,False,False,False,False,
517,Day,False,False,False,False,False,
518,Day,False,False,False,False,False,
519,Day,False,False,False,False,False,
520,Day,False,False,False,False,False,
521,Day,False,False,False,False,False,
522,Day,False,False,False,False,False,
523,Day,False,False,False,False,False,
524,Day,False,False,False,False,False,
525,Day,False,False,False,False,False,
526,Day,False,False,False,False,False,
527,Day,False,False,False,False,False,
528,Day,False,False,False,False,False,
529,Day,False,False,False,False,False,
530,Day,False,False,False,False,False,
531,Day,False,False,True,False,True,7.0
532,Day,False,False,False,False,False,
533,Day,False,False,False,False,False,
534,Day,False,False,False,False,False,
535,Day,False,False,False,False,False,
536,Day,False,False,False,False,False,
537,Day,False,False,False,False,False,
538,Day,False,False,False,False,False,
539,Day,False,False,False,False,False,
540,Day,False,False,False,False,False,
541,Day,False,False,False,False,False,
542,Day,False,False,False,False,False,
543,Day,False,False,False,False,False,
544,Day,False,False,False,False,False,
545,Day,False,False,False,False,False,
546,Day,False,False,False,False,False,
547,Day,False,False,False,False,False,
548,Day,False,False,False,False,False,
549,Day,False,False,False,False,False,
550,Day,False,False,False,False,False,
551,Day,False,False,False,False,False,
552,Day,False,False,False,False,False,
553,Day,False,False,False,False,False,
554,Day,False,False,False,False,False,
555,Day,False,False,False,False,False,
556,Day,False,False,False,False,False,
557,Day,False,False,False,False,False,
558,Day,False,False,False,False,False,
559,Day,False,False,False,False,False,
560,Day,False,False,False,False,False,
561,Day,False,False,False,False,False,
562,Day,False,False,False,False,False,
563,Day,False,False,False,False,False,
564,Day,False,False,False,False,False,
565,Day,False,False,False,False,False,
566,Day,False,False,False,False,False,
567,Day,False,False,False,False,False,
568,Day,False,False,False,False,False,
569,Day,False,False,False,False,False,
570,Day,False,False,False,False,False,
571,Day,False,False,False,False,False,
572,Day,False,False,False,False,False,
573,Day,False,False,False,False,False,
574,Day,False,False,False,False,False,
575,Day,False,False,False,False,False,
576,Day,False,False,False,False,False,
577,Day,False,False,False,False,False,
578,Day,False,False,False,False,False,
579,Day,False,False,False,False,False,
580,Day,False,False,False,False,False,
581,Day,False,False,False,False,False,
582,Day,False,False,False,False,False,
583,Day,False,False,False,False,False,
584,Day,False,False,False,False,False,
585,Day,False,False,False,False,False,
586,Day,False,False,True,False,True,7.0
587,Day,False,False,False,False,False,
588,Day,False,False,False,False,False,
589,Day,False,False,False,False,False,
590,Day,False,False,False,False,False,
591,Day,False,False,False,False,False,
592,Day,False,False,False,False,False,
593,Day,False,False,False,False,False,
594,Day,False,False,False,False,False,
595,Day,False,False,False,False,False,
596,Day,False,False,False,False,False,
597,Day,False,False,False,False,False,
598,Day,False,False,False,False,False,
599,Day,False,False,False,False,False,
600,Day,False,False,False,False,False,
601,Day,False,False,False,False,False,
602,Day,False,False,False,False,False,
603,Day,False,False,False,False,False,
604,Day,False,False,False,False,False,
605,Day,False,False,False,False,False,
606,Day,False,False,False,False,False,
607,Day,False,False,False,False,False,
608,Day,False,False,False,False,False,
609,Day,False,False,False,False,False,
610,Day,False,False,False,False,False,
611,Day,False,False,False,False,False,
612,Day,False,False,False,False,False,
613,Day,False,False,False,False,False,
614,Day,False,False,False,False,False,
615,Day,False,False,False,False,False,
616,Day,False,False,False,False,False,
617,Day,False,False,False,False,False,
618,Day,False,False,False,False,False,
619,Day,False,False,False,False,False,
620,Day,False,False,False,False,False,
621,Day,False,False,False,False,False,
622,Day,False,False,False,False,False,
623,Day,False,False,False,False,False,
624,Day,False,False,False,False,False,
625,Day,False,False,False,False,False,
626,Day,False,False,False,False,False,
627,Day,False,False,False,False,False,
628,Day,False,False,False,False,False,
629,Day,False,False,False,False,False,
630,Day,False,False,False,False,False,
631,Day,False,False,False,False,False,
632,Day,False,False,False,False,False,
633,Day,False,False,False,False,False,
634,Day,False,False,False,False,False,
635,Day,False,False,False,False,False,
636,Day,False,False,False,False,False,
637,Day,False,False,False,False,False,
638,Day,False,False,False,False,False,
639,Day,False,False,False,False,False,
640,Day,False,False,False,False,False,
641,Day,False,False,False,False,False,
642,Day,False,False,False,False,False,
643,Day,False,False,False,False,False,
644,Day,False,False,False,False,False,
645,Day,False,False,False,False,False,
646,Day,False,False,False,False,False,
647,Day,False,False,False,False,False,
648,Day,False,False,False,False,False,
649,Day,False,False,False,False,False,
650,Day,False,False,False,False,False,
651,Day,False,False,False,False,False,
652,Day,False,False,False,False,False,
653,Day,False,False,False,False,False,
654,Day,False,False,False,False,False,
655,Day,False,False,False,False,False,
656,Day,False,False,False,False,False,
657,Day,False,False,False,False,False,
658,Day,False,False,False,False,False,
659,Day,False,False,False,False,False,
660,Day,False,False,False,False,False,
661,Day,False,False,False,False,False,
662,Day,False,False,False,False,False,
663,Day,False,False,False,False,False,
664,Day,False,False,False,False,False,
665,Day,False,False,False,False,False,
666,Day,False,False,False,False,False,
667,Day,False,False,False,False,False,
668,Day,False,False,False,False,False,
669,Day,False,False,False,False,False,
670,Day,False,False,False,False,False,
671,Day,False,False,False,False,False,
672,Day,False,False,False,False,False,
673,Day,False,False,False,False,False,
674,Day,False,False,False,False,False,
675,Day,False,False,False,False,False,
676,Day,False,False,False,False,False,
677,Day,False,False,False,False,False,
678,Day,False,False,False,False,False,
679,Day,False,False,False,False,False,
680,Day,False,False,False,False,False,
681,Day,False,False,False,False,False,
682,Day,False,False,False,False,False,
683,Day,False,False,False,False,False,
684,Day,False,False,False,False,False,
685,Day,False,False,False,False,False,
686,Day,False,False,False,False,False,
687,Day,False,False,False,False,False,
688,Day,False,False,False,False,False,
689,Day,False,False,False,False,False,
690,Day,False,False,False,False,False,
691,Day,False,False,False,False,False,
692,Day,False,False,False,False,False,
693,Day,False,False,False,False,False,
694,Day,False,False,False,False,False,
695,Day,False,False,False,False,False,
696,Day,False,False,False,False,False,
697,Day,False,False,False,False,False,
698,Day,False,False,False,False,False,
699,Day,False,False,False,False,False,
700,Day,False,False,False,False,False,
701,Day,False,False,False,False,False,
702,Day,False,False,False,False,False,
703,Day,False,False,False,False,False,
704,Day,False,False,False,False,False,
705,Day,False,False,False,False,False,
706,Day,False,False,False,False,False,
707,Day,False,False,False,False,False,
708,Day,False,False,False,False,False,
709,Day,False,False,False,False,False,
710,Day,False,False,False,False,False,
711,Day,False,False,False,False,False,
712,Day,False,False,False,False,False,
713,Day,False,False,False,False,False,
714,Day,False,False,False,False,False,
715,Day,False,False,False,False,False,
716,Day,False,False,False,False,False,
717,Day,False,False,False,False,False,
718,Day,False,False,False,False,False,
719,Day,False,False,False,False,False,
720,Day,False,False,False,False,False,
721,Day,False,False,False,False,False,
722,Day,False,False,False,False,False,
723,Day,False,False,False,False,False,
724,Day,False,False,False,False,False,
725,Day,False,False,False,False,False,
726,Day,False,False,False,False,False,
727,Day,False,False,False,False,False,
728,Day,False,False,False,False,False,
729,Day,False,False,False,False,False,
730,Day,False,False,False,False,False,
731,Day,False,False,False,False,False,
732,Day,False,False,False,False,False,
733,Day,False,False,False,False,False,
734,Day,False,False,False,False,False,
735,Day,False,False,False,False,False,
736,Day,False,False,False,False,False,
737,Day,False,False,False,False,False,
738,Day,False,False,False,False,False,
739,Day,False,False,False,False,False,
740,Day,False,False,False,False,False,
741,Day,False,False,False,False,False,
742,Day,False,False,False,False,False,
743,Day,False,False,False,False,False,
744,Day,False,False,False,False,False,
745,Day,False,False,False,False,False,
746,Day,False,False,False,False,False,
747,Day,False,False,False,False,False,
748,Day,False,False,False,False,False,
749,Day,False,False,False,False,False,
750,Night,False,False,False,False,False,
751,Night,False,False,False,False,False,
752,Night,False,False,False,False,False,
753,Night,False,False,False,False,False,
754,Night,False,False,False,False,False,
755,Night,False,False,False,False,False,
756,Night,False,False,False,False,False,
757,Night,False,False,False,False,False,
758,Night,False,False,False,False,False,
759,Night,False,False,False,True,True,13.0
760,Night,False,False,False,False,False,
761,Night,False,False,False,False,False,
762,Night,False,False,False,False,False,
763,Night,False,False,False,False,False,
764,Night,False,False,False,False,False,
765,Night,False,False,False,False,False,
766,Night,False,False,False,False,False,
767,Night,False,False,False,False,False,
768,Night,False,False,False,False,False,
769,Night,False,False,False,False,False,
770,Night,False,False,False,False,False,
771,Night,False,False,False,False,False,
772,Night,False,False,False,False,False,
773,Night,False,False,False,False,False,
774,Night,False,False,False,False,False,
775,Night,False,False,False,False,False,
776,Night,False,False,False,False,False,
777,Night,False,False,False,False,False,
778,Night,False,False,False,False,False,
779,Night,False,False,False,False,False,
780,Night,False,False,False,False,False,
781,Night,False,False,False,False,False,
782,Night,False,False,False,False,False,
783,Night,False,False,False,False,False,
784,Night,False,False,False,False,False,
785,Night,False,False,False,False,False,
786,Night,False,False,False,False,False,
787,Night,False,False,False,False,False,
788,Night,False,False,False,False,False,
789,Night,False,False,False,False,False,
790,Night,False,False,False,False,False,
791,Night,False,False,False,False,False,
792,Night,False,False,False,False,False,
793,Night,False,False,False,False,False,
794,Night,False,False,False,False,False,
795,Night,False,False,False,False,False,
796,Night,False,False,False,False,False,
797,Night,False,False,False,False,False,
798,Night,False,False,False,False,False,
799,Night,False,False,False,False,False,
800,Night,False,False,False,False,False,
801,Night,False,False,False,False,False,
802,Night,False,False,False,False,False,
803,Night,False,False,False,False,False,
804,Night,False,False,False,False,False,
805,Night,False,False,False,False,False,
806,Night,False,False,False,False,False,
807,Night,False,False,False,False,False,
808,Night,False,False,False,False,False,
809,Night,False,False,False,False,False,
810,Night,False,False,False,False,False,
811,Night,False,False,False,False,False,
812,Night,False,False,False,False,False,
813,Night,False,False,False,False,False,
814,Night,False,False,False,False,False,
815,Night,False,False,False,False,False,
816,Night,False,False,False,False,False,
817,Night,False,False,False,False,False,
818,Night,False,False,False,False,False,
819,Night,False,False,False,False,False,
820,Night,False,False,False,False,False,
821,Night,False,False,False,False,False,
822,Night,False,False,False,False,False,
823,Night,False,False,False,False,False,
824,Night,False,False,False,False,False,
825,Night,False,False,False,False,False,
826,Night,False,False,False,False,False,
827,Night,False,False,False,False,False,
828,Night,False,False,False,False,False,
829,Night,False,False,False,False,False,
830,Night,False,False,False,False,False,
831,Night,False,False,False,False,False,
832,Night,False,False,False,False,False,
833,Night,False,False,False,False,False,
834,Night,False,False,False,False,False,
835,Night,False,False,False,False,False,
836,Night,False,False,False,False,False,
837,Night,False,False,False,False,False,
838,Night,False,False,False,False,False,
839,Night,False,False,False,False,False,
840,Night,False,False,False,False,False,
841,Night,False,False,False,False,False,
842,Night,False,False,False,False,False,
843,Night,False,False,False,False,False,
844,Night,False,False,False,False,False,
845,Night,False,False,False,False,False,
846,Night,False,False,False,False,False,
847,Night,False,False,False,False,False,
848,Night,False,False,False,False,False,
849,Night,False,False,False,False,False,
850,Night,False,False,False,False,False,
851,Night,False,False,False,False,False,
852,Night,False,False,False,False,False,
853,Night,False,False,False,False,False,
854,Night,False,False,False,False,False,
855,Night,False,False,False,False,False,
856,Night,False,False,False,True,True,13.0
857,Night,False,False,False,False,False,
858,Night,False,False,False,False,False,
859,Night,False,False,False,False,False,
860,Night,False,False,False,False,False,
861,Night,False,False,False,False,False,
862,Night,False,False,False,False,False,
863,Night,False,False,False,False,False,
864,Night,False,False,False,False,False,
865,Night,False,False,False,False,False,
866,Night,False,False,False,False,False,
867,Night,False,False,False,False,False,
868,Night,False,False,False,False,False,
869,Night,False,False,False,False,False,
870,Night,False,False,False,False,False,
871,Night,False,False,False,False,False,
872,Night,False,False,False,False,False,
873,Night,False,False,False,False,False,
874,Night,False,False,False,False,False,
875,Night,False,False,False,True,True,13.0
876,Night,False,False,False,False,False,
877,Night,False,False,False,False,False,
878,Night,False,False,False,False,False,
879,Night,False,False,False,False,False,
880,Night,False,False,False,False,False,
881,Night,False,False,False,False,False,
882,Night,False,False,False,False,False,
883,Night,False,False,False,False,False,
884,Night,False,False,False,False,False,
885,Night,False,False,False,False,False,
886,Night,False,False,False,False,False,
887,Night,False,False,False,False,False,
888,Night,False,False,False,False,False,
889,Night,False,False,False,False,False,
890,Night,False,False,False,False,False,
891,Night,False,False,False,False,False,
892,Night,False,False,False,False,False,
893,Night,False,False,False,False,False,
894,Night,False,False,False,False,False,
895,Night,False,False,False,False,False,
896,Night,False,False,False,False,False,
897,Night,False,False,False,False,False,
898,Night,False,False,False,False,False,
899,Night,False,False,False,False,False,
900,Night,False,False,False,False,False,
901,Night,False,False,False,False,False,
902,Night,False,False,False,False,False,
903,Night,False,False,False,False,False,
904,Night,False,False,False,False,False,
905,Night,False,False,False,False,False,
906,Night,False,False,False,False,False,
907,Night,False,False,False,False,False,
908,Night,False,False,False,False,False,
909,Night,False,False,False,False,False,
910,Night,False,False,False,False,False,
911,Night,False,False,False,False,False,
912,Night,False,False,False,False,False,
913,Night,False,False,False,False,False,
914,Night,False,False,False,False,False,
915,Night,False,False,False,False,False,
916,Night,False,False,False,False,False,
917,Night,False,False,False,False,False,
918,Night,False,False,False,False,False,
919,Night,False,False,False,False,False,
920,Night,True,False,False,False,False,
921,Night,True,False,False,False,False,
922,Night,True,False,False,False,False,
923,Night,True,False,False,False,False,
924,Night,True,False,False,False,False,
925,Night,True,False,False,False,False,
926,Night,True,False,False,False,False,
927,Night,True,False,False,False,False,
928,Night,True,False,False,False,False,
929,Night,True,False,False,False,False,
930,Night,True,False,False,False,False,
931,Night,True,False,False,False,False,
932,Night,True,False,False,False,False,
933,Night,True,False,False,False,False,
934,Night,True,False,False,False,False,
935,Night,True,False,False,False,False,
936,Night,True,False,False,False,False,
937,Night,True,False,False,False,False,
938,Night,True,False,False,False,False,
939,Night,True,False,False,False,False,
940,Night,True,False,False,False,False,
941,Night,True,False,False,False,False,
942,Night,True,False,False,False,False,
943,Night,True,False,False,False,False,
944,Night,True,False,False,False,False,
945,Night,True,False,False,False,False,
946,Night,True,False,False,False,False,
947,Night,True,False,False,False,False,
948,Night,True,False,False,False,False,
949,Night,True,False,False,False,False,
950,Night,True,False,False,False,False,
951,Night,True,False,False,False,False,
952,Night,True,False,False,False,False,
953,Night,True,False,False,False,False,
954,Night,True,False,True,False,True,7.0
955,Night,True,False,True,False,True,7.0
956,Night,True,False,True,False,True,7.0
957,Night,True,False,True,False,True,7.0
958,Night,True,False,False,False,False,
959,Night,True,False,False,False,False,
960,Night,True,False,False,False,False,
961,Night,True,False,False,False,False,
962,Night,True,False,False,False,False,
963,Night,True,False,False,False,False,
964,Night,True,False,False,False,False,
965,Night,True,False,False,False,False,
966,Night,True,False,False,False,False,
967,Night,True,False,False,False,False,
968,Night,True,False,False,False,False,
969,Night,True,False,False,False,False,
970,Night,True,False,False,False,False,
971,Night,True,False,False,False,False,
972,Night,True,False,False,False,False,
973,Night,True,False,False,False,False,
974,Night,True,False,False,False,False,
975,Night,True,False,False,False,False,
976,Night,True,False,False,False,False,
977,Night,True,False,False,False,False,
978,Night,True,False,False,False,False,
979,Night,True,False,False,False,False,
980,Night,True,False,False,False,False,
981,Night,True,False,False,False,False,
982,Night,True,False,False,False,False,
983,Night,True,False,False,False,False,
984,Night,True,False,False,False,False,
985,Night,True,False,False,False,False,
986,Night,True,False,False,False,False,
987,Night,True,False,False,False,False,
988,Night,True,False,False,False,False,
989,Night,True,False,False,False,False,
990,Night,True,False,False,False,False,
991,Night,True,False,False,False,False,
992,Night,True,False,False,False,False,
993,Night,True,False,False,False,False,
994,Night,True,False,False,False,False,
995,Night,True,False,False,False,False,
996,Night,True,False,False,False,False,
997,Night,True,False,False,False,False,
998,Night,True,False,False,False,False,
999,Night,True,False,False,False,False,
1000,Day,False,False,False,False,False,
1001,Day,False,False,False,False,False,
1002,Day,False,False,False,False,False,
1003,Day,False,False,False,False,False,
1004,Day,False,False,False,False,False,
1005,Day,False,False,False,False,False,
1006,Day,False,False,False,False,False,
1007,Day,False,False,False,False,False,
1008,Day,False,False,False,False,False,
1009,Day,False,False,False,False,False,
1010,Day,False,False,False,False,False,
1011,Day,False,False,False,False,False,
1012,Day,False,False,False,False,False,
1013,Day,False,False,False,False,False,
1014,Day,False,False,False,False,False,
1015,Day,False,False,False,False,False,
1016,Day,False,False,False,False,False,
1017,Day,False,False,False,False,False,
1018,Day,False,False,False,False,False,
1019,Day,False,False,False,False,False,
1020,Day,False,False,False,False,False,
1021,Day,False,False,False,False,False,
1022,Day,False,False,False,False,False,
1023,Day,False,False,False,False,False,
1024,Day,False,False,False,False,False,
1025,Day,False,False,False,False,False,
1026,Day,False,False,False,False,False,
1027,Day,False,False,False,False,False,
1028,Day,False,False,False,False,False,
1029,Day,False,False,False,False,False,
1030,Day,False,False,False,False,False,
1031,Day,False,False,False,False,False,
1032,Day,False,False,False,False,False,
1033,Day,False,False,False,False,False,
1034,Day,False,False,False,False,False,
1035,Day,False,False,False,False,False,
1036,Day,False,False,False,False,False,
1037,Day,False,False,False,False,False,
1038,Day,False,False,False,False,False,
1039,Day,False,False,False,False,False,
1040,Day,False,False,False,False,False,
1041,Day,False,False,False,False,False,
1042,Day,False,False,False,False,False,
1043,Day,False,False,False,False,False,
1044,Day,False,False,False,False,False,
1045,Day,False,False,False,False,False,
1046,Day,False,False,False,False,False,
1047,Day,False,False,False,False,False,
1048,Day,False,False,False,False,False,
1049,Day,False,False,False,False,False,
1050,Day,False,False,False,False,False,
1051,Day,False,False,False,False,False,
1052,Day,False,False,False,False,False,
1053,Day,False,False,False,False,False,
1054,Day,False,False,False,False,False,
1055,Day,False,False,False,False,False,
1056,Day,False,False,False,False,False,
1057,Day,False,False,False,False,False,
1058,Day,False,False,False,False,False,
1059,Day,False,False,False,False,False,
1060,Day,False,False,False,False,False,
1061,Day,False,False,False,False,False,
1062,Day,False,False,False,False,False,
1063,Day,False,False,False,False,False,
1064,Day,False,False,False,False,False,
1065,Day,False,False,False,False,False,
1066,Day,False,False,False,False,False,
1067,Day,False,False,False,False,False,
1068,Day,False,False,False,False,False,
1069,Day,False,False,False,False,False,
1070,Day,False,False,False,False,False,
1071,Day,False,False,False,False,False,
1072,Day,False,False,False,False,False,
1073,Day,False,False,False,False,False,
1074,Day,False,False,False,False,False,
1075,Day,False,False,False,False,False,
1076,Day,False,False,False,False,False,
1077,Day,False,False,False,False,False,
1078,Day,False,False,False,False,False,
1079,Day,False,False,False,False,False,
1080,Day,False,False,False,False,False,
1081,Day,False,False,False,False,False,
1082,Day,False,False,False,False,False,
1083,Day,False,False,False,False,False,
1084,Day,False,False,False,False,False,
1085,Day,False,False,False,False,False,
1086,Day,False,False,False,False,False,
1087,Day,False,False,False,False,False,
1088,Day,False,False,False,False,False,
1089,Day,False,False,False,False,False,
1090,Day,False,False,False,False,False,
1091,Day,False,False,False,False,False,
1092,Day,False,False,False,False,False,
1093,Day,False,False,False,False,False,
1094,Day,False,False,False,False,False,
1095,Day,False,False,False,False,False,
1096,Day,False,False,False,False,False,
1097,Day,False,False,False,False,False,
1098,Day,False,False,False,False,False,
1099,Day,False,False,False,False,False,
1100,Day,False,False,False,False,False,
1101,Day,False,False,False,False,False,
1102,Day,False,False,False,False,False,
1103,Day,False,False,False,False,False,
1104,Day,False,False,False,False,False,
1105,Day,False,False,False,False,False,
1106,Day,False,False,False,False,False,
1107,Day,False,False,False,False,False,
1108,Day,False,False,False,False,False,
1109,Day,False,False,False,False,False,
1110,Day,False,False,False,False,False,
1111,Day,False,False,False,False,False,
1112,Day,False,False,False,False,False,
1113,Day,False,False,False,False,False,
1114,Day,False,False,False,False,False,
1115,Day,False,False,False,False,False,
1116,Day,False,False,False,False,False,
1117,Day,False,False,False,False,False,
1118,Day,False,False,False,False,False,
1119,Day,False,False,False,False,False,
1120,Day,False,False,False,False,False,
1121,Day,False,False,False,False,False,
1122,Day,False,False,False,False,False,
1123,Day,False,False,False,False,False,
1124,Day,False,False,False,False,False,
1125,Day,False,False,False,False,False,
1126,Day,False,False,False,False,False,
1127,Day,False,False,False,False,False,
1128,Day,False,False,False,False,False,
1129,Day,False,False,False,False,False,
1130,Day,False,False,False,False,False,
1131,Day,False,False,False,False,False,
1132,Day,False,False,False,False,False,
1133,Day,False,False,False,False,False,
1134,Day,False,False,False,False,False,
1135,Day,False,False,False,False,False,
1136,Day,False,False,False,False,False,
1137,Day,False,False,False,False,False,
1138,Day,False,False,False,False,False,
1139,Day,False,False,False,False,False,
1140,Day,False,False,False,False,False,
1141,Day,False,False,False,False,False,
1142,Day,False,False,False,False,False,
1143,Day,False,False,False,False,False,
1144,Day,False,False,False,False,False,
1145,Day,False,False,False,False,False,
1146,Day,False,False,False,False,False,
1147,Day,False,False,False,False,False,
1148,Day,False,False,False,False,False,
1149,Day,False,False,False,False,False,
1150,Day,False,False,False,False,False,
1151,Day,False,False,False,False,False,
1152,Day,False,False,False,False,False,
1153,Day,False,False,False,False,False,
1154,Day,False,False,False,False,False,
1155,Day,False,False,False,False,False,
1156,Day,False,False,False,False,False,
1157,Day,False,False,False,False,False,
1158,Day,False,False,False,False,False,
1159,Day,False,False,False,False,False,
1160,Day,False,False,False,False,False,
1161,Day,False,False,False,False,False,
1162,Day,False,False,False,False,False,
1163,Day,False,False,False,False,False,
1164,Day,False,False,False,False,False,
1165,Day,False,False,False,False,False,
1166,Day,False,False,False,False,False,
1167,Day,False,False,False,False,False,
1168,Day,False,False,False,False,False,
1169,Day,False,False,True,False,True,7.0
1170,Day,False,False,False,False,False,
1171,Day,False,False,False,False,False,
1172,Day,False,False,False,False,False,
1173,Day,False,False,False,False,False,
1174,Day,False,False,False,False,False,
1175,Day,False,False,False,False,False,
1176,Day,False,False,False,False,False,
1177,Day,False,False,False,False,False,
1178,Day,False,False,False,False,False,
1179,Day,False,False,False,False,False,
1180,Day,False,False,False,False,False,
1181,Day,False,False,False,False,False,
1182,Day,False,False,False,False,False,
1183,Day,False,False,False,False,False,
1184,Day,False,False,False,False,False,
1185,Day,False,False,False,False,False,
1186,Day,False,False,False,False,False,
1187,Day,False,False,False,False,False,
1188,Day,False,False,False,False,False,
1189,Day,False,False,False,False,False,
1190,Day,False,False,False,False,False,
1191,Day,False,False,False,False,False,
1192,Day,False,False,False,False,False,
1193,Day,False,False,False,False,False,
1194,Day,False,False,False,False,False,
1195,Day,False,False,False,False,False,
1196,Day,False,False,False,False,False,
1197,Day,False,False,False,False,False,
1198,Day,False,False,False,False,False,
1199,Day,False,False,False,False,False,
1200,Day,False,False,False,False,False,
1201,Day,False,False,False,False,False,
1202,Day,False,False,False,False,False,
1203,Day,False,False,False,False,False,
1204,Day,False,False,False,False,False,
1205,Day,False,False,False,False,False,
1206,Day,False,False,False,False,False,
1207,Day,False,False,False,False,False,
1208,Day,False,False,False,False,False,
1209,Day,False,False,False,False,False,
1210,Day,False,False,False,False,False,
1211,Day,False,False,False,False,False,
1212,Day,False,False,False,False,False,
1213,Day,False,False,False,False,False,
1214,Day,False,False,False,False,False,
1215,Day,False,False,False,False,False,
1216,Day,False,False,False,False,False,
1217,Day,False,False,False,False,False,
1218,Day,False,False,False,False,False,
1219,Day,False,False,False,False,False,
1220,Day,False,False,False,False,False,
1221,Day,False,False,False,False,False,
1222,Day,False,False,False,False,False,
1223,Day,False,False,False,False,False,
1224,Day,False,False,False,False,False,
1225,Day,False,False,False,False,False,
1226,Day,False,False,False,False,False,
1227,Day,False,False,False,False,False,
1228,Day,False,False,False,False,False,
1229,Day,False,False,False,False,False,
1230,Day,False,False,False,False,False,
1231,Day,False,False,False,False,False,
1232,Day,False,False,False,False,False,
1233,Day,False,False,False,False,False,
1234,Day,False,False,False,False,False,
1235,Day,False,False,False,False,False,
1236,Day,False,False,False,False,False,
1237,Day,False,False,False,False,False,
1238,Day,False,False,False,False,False,
1239,Day,False,False,False,False,False,
1240,Day,False,False,False,False,False,
1241,Day,False,False,False,False,False,
1242,Day,False,False,False,False,False,
1243,Day,False,False,False,False,False,
1244,Day,False,False,False,False,False,
1245,Day,False,False,False,False,False,
1246,Day,False,False,False,False,False,
1247,Day,False,False,False,False,False,
1248,Day,False,False,False,False,False,
1249,Day,False,False,False,False,False,
1250,Night,False,False,False,False,False,
1251,Night,False,False,False,False,False,
1252,Night,False,False,False,False,False,
1253,Night,False,False,False,False,False,
1254,Night,False,False,False,False,False,
1255,Night,False,False,False,False,False,
1256,Night,False,False,False,False,False,
1257,Night,False,False,False,False,False,
1258,Night,False,False,False,False,False,
1259,Night,False,False,False,False,False,
1260,Night,False,False,False,False,False,
1261,Night,False,False,False,False,False,
1262,Night,False,False,False,False,False,
1263,Night,False,False,False,False,False,
1264,Night,False,False,False,False,False,
1265,Night,False,False,False,False,False,
1266,Night,False,False,False,False,False,
1267,Night,False,False,False,False,False,
1268,Night,False,False,False,False,False,
1269,Night,False,False,False,False,False,
1270,Night,False,False,False,False,False,
1271,Night,False,False,False,True,True,13.0
1272,Night,False,False,False,False,False,
1273,Night,False,False,False,False,False,
1274,Night,False,False,False,False,False,
1275,Night,False,False,False,False,False,
1276,Night,False,False,False,False,False,
1277,Night,False,False,False,False,False,
1278,Night,False,False,False,False,False,
1279,Night,False,False,False,False,False,
1280,Night,True,False,False,False,False,
1281,Night,True,False,False,False,False,
1282,Night,True,False,False,False,False,
1283,Night,True,False,False,False,False,
1284,Night,True,False,False,False,False,
1285,Night,True,False,False,False,False,
1286,Night,True,False,False,False,False,
1287,Night,True,False,False,False,False,
1288,Night,True,False,False,False,False,
1289,Night,True,False,False,False,False,
1290,Night,True,False,False,False,False,
1291,Night,True,False,False,False,False,
1292,Night,True,False,False,False,False,
1293,Night,True,False,False,False,False,
1294,Night,True,False,False,False,False,
1295,Night,True,False,False,False,False,
1296,Night,True,False,False,False,False,
1297,Night,True,False,False,False,False,
1298,Night,True,False,False,False,False,
1299,Night,True,False,False,False,False,
1300,Night,True,False,False,False,False,
1301,Night,True,False,False,False,False,
1302,Night,True,False,False,False,False,
1303,Night,True,False,False,False,False,
1304,Night,True,False,False,False,False,
1305,Night,True,False,False,False,False,
1306,Night,True,False,False,False,False,
1307,Night,True,False,False,False,False,
1308,Night,True,False,False,False,False,
1309,Night,True,False,False,False,False,
1310,Night,True,False,False,False,False,
1311,Night,True,False,False,False,False,
1312,Night,True,False,False,False,False,
1313,Night,True,False,False,False,False,
1314,Night,True,False,False,False,False,
1315,Night,True,False,False,False,False,
1316,Night,True,False,False,False,False,
1317,Night,True,False,False,False,False,
1318,Night,True,False,False,False,False,
1319,Night,True,False,False,False,False,
1320,Night,False,False,False,False,False,
1321,Night,False,False,False,False,False,
1322,Night,False,False,False,False,False,
1323,Night,False,False,False,False,False,
1324,Night,False,False,False,False,False,
1325,Night,False,False,False,False,False,
1326,Night,False,False,False,False,False,
1327,Night,False,False,False,False,False,
1328,Night,False,False,False,False,False,
1329,Night,False,False,False,False,False,
1330,Night,False,False,False,False,False,
1331,Night,False,False,False,False,False,
1332,Night,False,False,False,False,False,
1333,Night,False,False,False,False,False,
1334,Night,False,False,False,False,False,
1335,Night,False,False,False,False,False,
1336,Night,False,False,False,False,False,
1337,Night,False,False,False,False,False,
1338,Night,False,False,False,False,False,
1339,Night,False,False,False,False,False,
1340,Night,False,False,False,False,False,
1341,Night,False,False,False,False,False,
1342,Night,False,False,False,False,False,
1343,Night,False,False,False,False,False,
1344,Night,False,False,False,False,False,
1345,Night,False,False,False,True,True,13.0
1346,Night,False,False,False,False,False,
1347,Night,False,False,False,False,False,
1348,Night,False,False,False,False,False,
1349,Night,False,False,False,False,False,
1350,Night,False,False,False,False,False,
1351,Night,False,False,False,False,False,
1352,Night,False,False,False,False,False,
1353,Night,False,False,False,False,False,
1354,Night,False,False,False,False,False,
1355,Night,False,False,False,False,False,
1356,Night,False,False,False,False,False,
1357,Night,False,False,False,False,False,
1358,Night,False,False,False,False,False,
1359,Night,False,False,False,False,False,
1360,Night,False,False,False,False,False,
1361,Night,False,False,False,False,False,
1362,Night,False,False,False,False,False,
1363,Night,False,False,False,False,False,
1364,Night,False,False,False,False,False,
1365,Night,False,False,False,False,False,
1366,Night,False,False,False,False,False,
1367,Night,False,False,False,False,False,
1368,Night,False,False,False,False,False,
1369,Night,False,False,False,False,False,
1370,Night,False,False,False,False,False,
1371,Night,False,False,False,False,False,
1372,Night,False,False,False,False,False,
1373,Night,False,False,False,False,False,
1374,Night,False,False,False,False,False,
1375,Night,False,False,False,False,False,
1376,Night,False,False,False,False,False,
1377,Night,False,False,False,False,False,
1378,Night,False,False,False,False,False,
1379,Night,False,False,False,False,False,
1380,Night,False,False,False,False,False,
1381,Night,False,False,False,False,False,
1382,Night,False,False,False,False,False,
1383,Night,False,False,False,False,False,
1384,Night,False,False,False,False,False,
1385,Night,False,False,False,False,False,
1386,Night,False,False,False,False,False,
1387,Night,False,False,False,False,False,
1388,Night,False,False,False,False,False,
1389,Night,False,False,False,False,False,
1390,Night,False,False,False,False,False,
1391,Night,False,False,False,False,False,
1392,Night,False,False,False,False,False,
1393,Night,False,False,False,True,True,13.0
1394,Night,False,False,False,False,False,
1395,Night,False,False,False,False,False,
1396,Night,False,False,False,False,False,
1397,Night,False,False,False,False,False,
1398,Night,False,False,False,False,False,
1399,Night,False,False,False,False,False,
1400,Night,False,False,False,False,False,
1401,Night,False,False,False,False,False,
1402,Night,False,False,False,False,False,
1403,Night,False,False,False,False,False,
1404,Night,False,False,False,False,False,
1405,Night,False,False,False,False,False,
1406,Night,False,False,False,False,False,
1407,Night,False,False,False,False,False,
1408,Night,False,False,False,True,True,13.0
1409,Night,False,False,False,False,False,
1410,Night,False,False,False,False,False,
1411,Night,False,False,False,False,False,
1412,Night,False,False,False,False,False,
1413,Night,False,False,False,False,False,
1414,Night,False,False,False,False,False,
1415,Night,False,False,False,False,False,
1416,Night,False,False,False,False,False,
1417,Night,False,False,False,False,False,
1418,Night,False,False,False,False,False,
1419,Night,False,False,False,False,False,
1420,Night,False,False,False,False,False,
1421,Night,False,False,False,False,False,
1422,Night,False,False,False,False,False,
1423,Night,False,False,False,False,False,
1424,Night,False,False,False,False,False,
1425,Night,False,False,False,False,False,
1426,Night,False,False,False,False,False,
1427,Night,False,False,False,False,False,
1428,Night,False,False,False,False,False,
1429,Night,False,False,False,False,False,
1430,Night,False,False,False,False,False,
1431,Night,False,False,False,False,False,
1432,Night,False,False,False,False,False,
1433,Night,False,False,False,False,False,
1434,Night,False,False,False,False,False,
1435,Night,False,False,False,False,False,
1436,Night,False,False,False,False,False,
1437,Night,False,False,False,False,False,
1438,Night,False,False,False,False,False,
1439,Night,False,False,False,False,False,
1440,Night,False,False,False,False,False,
1441,Night,False,False,False,False,False,
1442,Night,False,False,False,False,False,
1443,Night,False,False,False,False,False,
1444,Night,False,False,False,False,False,
1445,Night,False,False,False,False,False,
1446,Night,False,False,False,False,False,
1447,Night,False,False,False,False,False,
1448,Night,False,False,False,False,False,
1449,Night,False,False,False,False,False,
1450,Night,False,False,False,False,False,
1451,Night,False,False,False,False,False,
1452,Night,False,False,False,False,False,
1453,Night,False,False,False,False,False,
1454,Night,False,False,False,False,False,
1455,Night,False,False,False,False,False,
1456,Night,False,False,False,False,False,
1457,Night,False,False,False,False,False,
1458,Night,False,False,False,False,False,
1459,Night,False,False,False,False,False,
1460,Night,False,False,False,False,False,
1461,Night,False,False,False,False,False,
1462,Night,False,False,False,False,False,
1463,Night,False,False,False,False,False,
1464,Night,False,False,False,False,False,
1465,Night,False,False,False,False,False,
1466,Night,False,False,False,False,False,
1467,Night,False,False,False,False,False,
1468,Night,False,False,False,False,False,
1469,Night,False,False,False,False,False,
1470,Night,False,False,False,False,False,
1471,Night,False,False,False,False,False,
1472,Night,False,False,False,False,False,
1473,Night,False,False,False,False,False,
1474,Night,False,False,False,False,False,
1475,Night,False,False,False,False,False,
1476,Night,False,False,False,False,False,
1477,Night,False,False,False,False,False,
1478,Night,False,False,False,False,False,
1479,Night,False,False,False,False,False,
1480,Night,True,False,False,False,False,
1481,Night,True,False,False,False,False,
1482,Night,True,False,False,False,False,
1483,Night,True,False,False,False,False,
1484,Night,True,False,True,False,True,7.0
1485,Night,True,False,True,False,True,7.0
1486,Night,True,False,True,False,True,7.0
1487,Night,True,False,True,True,True,13.0
1488,Night,True,False,False,False,False,
1489,Night,True,False,False,False,False,
1490,Night,True,False,False,False,False,
1491,Night,True,False,False,False,False,
1492,Night,True,False,False,False,False,
1493,Night,True,False,False,False,False,
1494,Night,True,False,False,False,False,
1495,Night,True,False,False,False,False,
1496,Night,True,False,False,False,False,
1497,Night,True,False,False,False,False,
1498,Night,True,False,False,False,False,
1499,Night,True,False,False,False,False,
1500,Day,True,False,False,False,False,
1501,Day,True,True,False,False,False,
1502,Day,True,True,False,False,False,
1503,Day,True,True,False,False,False,
1504,Day,True,True,False,False,False,
1505,Day,True,True,False,False,False,
1506,Day,True,True,False,False,False,
1507,Day,True,True,False,False,False,
1508,Day,True,True,False,False,False,
1509,Day,True,True,False,False,False,
1510,Day,True,True,False,False,False,
1511,Day,True,True,False,False,False,
1512,Day,True,True,False,False,False,
1513,Day,True,True,False,False,False,
1514,Day,True,True,False,False,False,
1515,Day,True,True,False,False,False,
1516,Day,True,True,False,False,False,
1517,Day,True,True,False,False,False,
1518,Day,True,True,False,False,False,
1519,Day,True,True,False,False,False,
1520,Day,False,True,False,False,False,
1521,Day,False,True,False,False,False,
1522,Day,False,True,False,False,False,
1523,Day,False,True,False,False,False,
1524,Day,False,True,False,False,False,
1525,Day,False,True,False,False,False,
1526,Day,False,True,False,False,False,
1527,Day,False,True,False,False,False,
1528,Day,False,True,False,False,False,
1529,Day,False,True,False,False,False,
1530,Day,False,True,False,False,False,
1531,Day,False,True,False,False,False,
1532,Day,False,True,False,False,False,
1533,Day,False,True,False,False,False,
1534,Day,False,True,False,False,False,
1535,Day,False,True,False,False,False,
1536,Day,False,True,False,False,False,
1537,Day,False,True,False,False,False,
1538,Day,False,True,False,False,False,
1539,Day,False,True,False,False,False,
1540,Day,False,True,False,False,False,
1541,Day,False,True,False,False,False,
1542,Day,False,True,False,False,False,
1543,Day,False,True,False,False,False,
1544,Day,False,True,False,False,False,
1545,Day,False,True,False,False,False,
1546,Day,False,True,False,False,False,
1547,Day,False,True,False,False,False,
1548,Day,False,True,False,False,False,
1549,Day,False,True,False,False,False,
1550,Day,False,True,False,False,False,
1551,Day,False,True,False,False,False,
1552,Day,False,True,False,False,False,
1553,Day,False,True,False,False,False,
1554,Day,False,True,False,False,False,
1555,Day,False,True,False,False,False,
1556,Day,False,True,False,False,False,
1557,Day,False,True,False,False,False,
1558,Day,False,True,False,False,False,
1559,Day,False,True,False,False,False,
1560,Day,False,True,False,False,False,
1561,Day,False,True,False,False,False,
1562,Day,False,True,False,False,False,
1563,Day,False,True,False,False,False,
1564,Day,False,True,False,False,False,
1565,Day,False,True,False,False,False,
1566,Day,False,True,False,False,False,
1567,Day,False,True,False,False,False,
1568,Day,False,True,False,False,False,
1569,Day,False,True,False,False,False,
1570,Day,False,True,False,False,False,
1571,Day,False,True,False,False,False,
1572,Day,False,True,False,True,True,13.0
1573,Day,False,True,False,False,False,
1574,Day,False,True,False,False,False,
1575,Day,False,True,False,False,False,
1576,Day,False,True,False,False,False,
1577,Day,False,True,False,False,False,
1578,Day,False,True,False,False,False,
1579,Day,False,True,False,False,False,
1580,Day,False,True,False,False,False,
1581,Day,False,True,False,False,False,
1582,Day,False,True,False,False,False,
1583,Day,False,True,False,False,False,
1584,Day,False,True,False,False,False,
1585,Day,False,True,False,False,False,
1586,Day,False,True,False,False,False,
1587,Day,False,True,False,False,False,
1588,Day,False,True,False,False,False,
1589,Day,False,True,False,False,False,
1590,Day,False,True,False,False,False,
1591,Day,False,True,False,False,False,
1592,Day,False,True,True,False,True,7.0
1593,Day,False,True,False,False,False,
1594,Day,False,True,False,False,False,
1595,Day,False,True,False,False,False,
1596,Day,False,True,False,False,False,
1597,Day,False,True,False,False,False,
1598,Day,False,True,False,False,False,
1599,Day,False,True,False,False,False,
1600,Day,False,True,False,False,False,
1601,Day,False,True,False,False,False,
1602,Day,False,True,False,True,True,13.0
1603,Day,False,True,False,False,False,
1604,Day,False,True,False,False,False,
1605,Day,False,True,False,False,False,
1606,Day,False,True,False,False,False,
1607,Day,False,True,False,False,False,
1608,Day,False,True,False,False,False,
1609,Day,False,True,False,False,False,
1610,Day,False,True,False,False,False,
1611,Day,False,True,False,False,False,
1612,Day,False,True,False,False,False,
1613,Day,False,True,False,False,False,
1614,Day,False,True,False,False,False,
1615,Day,False,True,False,False,False,
1616,Day,False,True,False,False,False,
1617,Day,False,True,False,False,False,
1618,Day,False,True,False,False,False,
1619,Day,False,True,False,False,False,
1620,Day,False,True,False,False,False,
1621,Day,False,True,False,False,False,
1622,Day,False,True,False,False,False,
1623,Day,False,True,False,False,False,
1624,Day,False,True,False,False,False,
1625,Day,False,True,False,False,False,
1626,Day,False,True,False,False,False,
1627,Day,False,True,False,False,False,
1628,Day,False,True,False,False,False,
1629,Day,False,True,False,False,False,
1630,Day,False,True,False,False,False,
1631,Day,False,True,False,False,False,
1632,Day,False,True,False,False,False,
1633,Day,False,True,False,False,False,
1634,Day,False,True,False,False,False,
1635,Day,False,True,False,False,False,
1636,Day,False,True,False,False,False,
1637,Day,False,True,False,False,False,
1638,Day,False,True,False,False,False,
1639,Day,False,True,False,False,False,
1640,Day,False,True,False,False,False,
1641,Day,False,True,False,False,False,
1642,Day,False,True,False,False,False,
1643,Day,False,True,False,False,False,
1644,Day,False,True,False,False,False,
1645,Day,False,True,False,False,False,
1646,Day,False,True,False,False,False,
1647,Day,False,True,False,False,False,
1648,Day,False,True,False,False,False,
1649,Day,False,True,False,False,False,
1650,Day,False,True,False,False,False,
1651,Day,False,True,False,False,False,
1652,Day,False,True,False,False,False,
1653,Day,False,True,False,False,False,
1654,Day,False,True,False,False,False,
1655,Day,False,True,False,False,False,
1656,Day,False,True,False,False,False,
1657,Day,False,True,False,False,False,
1658,Day,False,True,False,False,False,
1659,Day,False,True,False,False,False,
1660,Day,False,True,False,False,False,
1661,Day,False,True,False,False,False,
1662,Day,False,True,False,False,False,
1663,Day,False,True,False,False,False,
1664,Day,False,True,False,False,False,
1665,Day,False,True,False,False,False,
1666,Day,False,True,False,False,False,
1667,Day,False,True,False,False,False,
1668,Day,False,True,False,False,False,
1669,Day,False,True,False,False,False,
1670,Day,False,True,False,False,False,
1671,Day,False,True,False,False,False,
1672,Day,False,True,False,False,False,
1673,Day,False,True,False,False,False,
1674,Day,False,True,False,False,False,
1675,Day,False,True,False,False,False,
1676,Day,False,True,False,False,False,
1677,Day,False,True,False,False,False,
1678,Day,False,True,False,False,False,
1679,Day,False,True,False,False,False,
1680,Day,False,True,False,False,False,
1681,Day,False,True,False,False,False,
1682,Day,False,True,False,False,False,
1683,Day,False,True,False,False,False,
1684,Day,False,True,False,False,False,
1685,Day,False,True,False,False,False,
1686,Day,False,True,False,False,False,
1687,Day,False,True,False,False,False,
1688,Day,False,True,False,False,False,
1689,Day,False,True,False,False,False,
1690,Day,False,True,False,False,False,
1691,Day,False,True,False,False,False,
1692,Day,False,True,False,False,False,
1693,Day,False,True,False,False,False,
1694,Day,False,True,False,False,False,
1695,Day,False,True,False,False,False,
1696,Day,False,True,False,False,False,
1697,Day,False,True,False,False,False,
1698,Day,False,True,False,False,False,
1699,Day,False,True,False,False,False,
1700,Day,False,True,False,False,False,
1701,Day,False,True,False,False,False,
1702,Day,False,True,False,False,False,
1703,Day,False,True,False,False,False,
1704,Day,False,True,False,False,False,
1705,Day,False,True,False,False,False,
1706,Day,False,True,False,False,False,
1707,Day,False,True,False,False,False,
1708,Day,False,True,False,False,False,
1709,Day,False,True,False,False,False,
1710,Day,False,True,False,False,False,
1711,Day,False,True,False,False,False,
1712,Day,False,True,False,False,False,
1713,Day,False,True,False,False,False,
1714,Day,False,True,False,False,False,
1715,Day,False,True,False,False,False,
1716,Day,False,True,False,False,False,
1717,Day,False,True,False,False,True,12.0
1718,Day,False,True,False,False,False,
1719,Day,False,True,False,False,False,
1720,Day,False,True,False,False,False,
1721,Day,False,True,False,False,False,
1722,Day,False,True,False,False,False,
1723,Day,False,True,False,False,False,
1724,Day,False,True,False,False,False,
1725,Day,False,True,False,False,False,
1726,Day,False,True,False,False,False,
1727,Day,False,True,False,False,False,
1728,Day,False,True,False,False,False,
1729,Day,False,True,False,False,False,
1730,Day,False,True,False,False,False,
1731,Day,False,True,False,False,False,
1732,Day,False,True,False,False,False,
1733,Day,False,True,False,False,False,
1734,Day,False,True,False,False,False,
1735,Day,False,True,False,False,False,
1736,Day,False,True,False,False,False,
1737,Day,False,True,False,False,False,
1738,Day,False,True,False,False,False,
1739,Day,False,True,False,False,False,
1740,Day,False,True,False,False,False,
1741,Day,False,True,False,False,False,
1742,Day,False,True,False,False,False,
1743,Day,False,True,False,False,False,
1744,Day,False,True,False,False,False,
1745,Day,False,True,False,False,False,
1746,Day,False,True,False,False,False,
1747,Day,False,True,False,False,False,
1748,Day,False,True,False,False,False,
1749,Day,False,True,False,False,False,
1750,Night,False,True,False,False,False,
1751,Night,False,True,False,False,False,
1752,Night,False,True,False,False,False,
1753,Night,False,True,False,False,False,
1754,Night,False,True,False,False,False,
1755,Night,False,True,False,False,False,
1756,Night,False,True,False,False,False,
1757,Night,False,True,False,False,False,
1758,Night,False,True,False,False,False,
1759,Night,False,True,False,False,False,
1760,Night,False,True,False,False,False,
1761,Night,False,True,False,False,False,
1762,Night,False,True,False,False,False,
1763,Night,False,True,False,False,False,
1764,Night,False,True,False,False,False,
1765,Night,False,True,False,False,False,
1766,Night,False,True,False,False,False,
1767,Night,False,True,False,False,False,
1768,Night,False,True,False,False,False,
1769,Night,False,True,False,False,False,
1770,Night,False,True,False,False,False,
1771,Night,False,True,False,False,False,
1772,Night,False,True,False,False,False,
1773,Night,False,True,False,False,False,
1774,Night,False,True,False,False,False,
1775,Night,False,True,False,False,False,
1776,Night,False,True,False,False,False,
1777,Night,False,True,False,False,False,
1778,Night,False,True,False,False,False,
1779,Night,False,True,False,False,False,
1780,Night,False,True,False,False,False,
1781,Night,False,True,False,False,False,
1782,Night,False,True,False,False,False,
1783,Night,False,True,False,False,False,
1784,Night,False,True,False,False,False,
1785,Night,False,True,False,False,False,
1786,Night,False,True,False,False,False,
1787,Night,False,True,False,False,False,
1788,Night,False,True,False,False,False,
1789,Night,False,True,False,False,False,
1790,Night,False,True,False,False,False,
1791,Night,False,True,False,False,False,
1792,Night,False,True,False,False,False,
1793,Night,False,True,False,False,False,
1794,Night,False,True,False,False,False,
1795,Night,False,True,False,False,False,
1796,Night,False,True,False,False,False,
1797,Night,False,True,False,False,False,
1798,Night,False,True,False,False,False,
1799,Night,False,True,False,False,False,
1800,Night,False,True,False,False,False,
1801,Night,False,True,False,False,False,
1802,Night,False,True,False,False,False,
1803,Night,False,True,False,False,False,
1804,Night,False,True,False,False,False,
1805,Night,False,True,False,False,False,
1806,Night,False,True,False,False,False,
1807,Night,False,True,False,False,False,
1808,Night,False,True,False,False,False,
1809,Night,False,True,False,False,False,
1810,Night,False,True,False,False,False,
1811,Night,False,True,False,True,True,13.0
1812,Night,False,True,False,False,False,
1813,Night,False,True,False,False,False,
1814,Night,False,True,False,False,False,
1815,Night,False,True,False,False,False,
1816,Night,False,True,False,False,False,
1817,Night,False,True,False,False,False,
1818,Night,False,True,False,False,False,
1819,Night,False,True,False,False,False,
1820,Night,False,True,False,False,False,
1821,Night,False,True,False,False,False,
1822,Night,False,True,False,False,False,
1823,Night,False,True,False,False,False,
1824,Night,False,True,False,False,False,
1825,Night,False,True,False,False,False,
1826,Night,False,True,False,False,False,
1827,Night,False,True,False,False,False,
1828,Night,False,True,False,False,False,
1829,Night,False,True,False,False,False,
1830,Night,False,True,False,False,False,
1831,Night,False,True,False,False,False,
1832,Night,False,True,False,False,False,
1833,Night,False,True,False,False,False,
1834,Night,False,True,False,False,False,
1835,Night,False,True,False,False,False,
1836,Night,False,True,False,False,False,
1837,Night,False,True,False,False,False,
1838,Night,False,True,False,False,False,
1839,Night,False,True,False,False,False,
1840,Night,True,True,False,False,False,
1841,Night,True,True,False,False,False,
1842,Night,True,True,False,False,False,
1843,Night,True,True,False,False,False,
1844,Night,True,True,False,False,False,
1845,Night,True,True,False,False,False,
1846,Night,True,True,False,False,False,
1847,Night,True,True,False,False,False,
1848,Night,True,True,False,False,False,
1849,Night,True,True,False,False,False,
1850,Night,True,True,False,False,False,
1851,Night,True,True,False,False,False,
1852,Night,True,True,False,False,False,
1853,Night,True,True,False,False,False,
1854,Night,True,True,False,False,False,
1855,Night,True,True,True,False,True,7.0
1856,Night,True,True,True,False,True,7.0
1857,Night,True,True,True,False,True,7.0
1858,Night,True,True,True,False,True,7.0
1859,Night,True,True,False,False,False,
1860,Night,True,True,False,False,False,
1861,Night,True,True,False,False,False,
1862,Night,True,True,False,False,False,
1863,Night,True,True,False,False,False,
1864,Night,True,True,False,False,False,
1865,Night,True,True,False,False,False,
1866,Night,True,True,False,False,False,
1867,Night,True,True,False,False,False,
1868,Night,True,True,False,False,False,
1869,Night,True,True,False,False,False,
1870,Night,True,True,False,False,False,
1871,Night,True,True,False,False,False,
1872,Night,True,True,False,False,False,
1873,Night,True,True,False,False,False,
1874,Night,True,True,False,False,False,
1875,Night,True,True,False,False,False,
1876,Night,True,True,False,False,False,
1877,Night,True,True,False,False,False,
1878,Night,True,True,False,False,False,
1879,Night,True,True,False,False,False,
1880,Night,False,True,False,False,False,
1881,Night,False,True,False,False,False,
1882,Night,False,True,False,False,False,
1883,Night,False,True,False,False,False,
1884,Night,False,True,False,False,False,
1885,Night,False,True,False,False,False,
1886,Night,False,True,False,False,False,
1887,Night,False,True,False,False,False,
1888,Night,False,True,False,False,False,
1889,Night,False,True,False,False,False,
1890,Night,False,True,False,False,False,
1891,Night,False,True,False,False,False,
1892,Night,False,True,False,False,False,
1893,Night,False,True,False,False,False,
1894,Night,False,True,False,False,False,
1895,Night,False,True,False,False,False,
1896,Night,False,True,False,False,False,
1897,Night,False,True,False,False,False,
1898,Night,False,True,False,False,True,12.0
1899,Night,False,True,False,False,False,
1900,Night,False,True,False,False,False,
1901,Night,False,True,False,False,False,
1902,Night,False,True,False,False,False,
1903,Night,False,True,False,False,False,
1904,Night,False,True,False,False,False,
1905,Night,False,True,False,False,False,
1906,Night,False,True,False,False,False,
1907,Night,False,True,False,False,False,
1908,Night,False,True,False,False,False,
1909,Night,False,True,False,False,False,
1910,Night,False,True,False,False,False,
1911,Night,False,True,False,False,False,
1912,Night,False,True,False,False,False,
1913,Night,False,True,False,False,False,
1914,Night,False,True,False,False,False,
1915,Night,False,True,False,False,False,
1916,Night,False,True,False,False,False,
1917,Night,False,True,False,False,False,
1918,Night,False,True,False,False,False,
1919,Night,False,True,False,False,False,
1920,Night,False,True,False,False,False,
1921,Night,False,True,False,False,False,
1922,Night,False,True,False,False,False,
1923,Night,False,True,False,False,False,
1924,Night,False,True,False,False,False,
1925,Night,False,True,False,False,False,
1926,Night,False,True,False,False,False,
1927,Night,False,True,False,False,False,
1928,Night,False,True,False,False,False,
1929,Night,False,True,False,False,False,
1930,Night,False,True,False,False,False,
1931,Night,False,True,False,False,False,
1932,Night,False,True,False,False,False,
1933,Night,False,True,False,False,False,
1934,Night,False,True,False,False,False,
1935,Night,False,True,False,False,False,
1936,Night,False,True,False,False,False,
1937,Night,False,True,False,False,False,
1938,Night,False,True,False,False,False,
1939,Night,False,True,False,False,False,
1940,Night,False,True,False,False,False,
1941,Night,False,True,False,False,False,
1942,Night,False,True,False,False,False,
1943,Night,False,True,False,False,False,
1944,Night,False,True,False,False,False,
1945,Night,False,True,False,False,False,
1946,Night,False,True,False,False,False,
1947,Night,False,True,False,False,False,
1948,Night,False,True,False,False,False,
1949,Night,False,True,False,False,False,
1950,Night,False,True,False,False,False,
1951,Night,False,True,False,False,False,
1952,Night,False,True,False,False,False,
1953,Night,False,True,False,False,False,
1954,Night,False,True,False,False,False,
1955,Night,False,True,False,False,False,
1956,Night,False,True,False,False,False,
1957,Night,False,True,False,False,False,
1958,Night,False,True,False,False,False,
1959,Night,False,True,False,False,False,
1960,Night,False,True,False,False,False,
1961,Night,False,True,False,False,False,
1962,Night,False,True,False,False,False,
1963,Night,False,True,False,False,False,
1964,Night,False,True,False,False,False,
1965,Night,False,True,False,False,False,
1966,Night,False,True,False,False,False,
1967,Night,False,True,False,False,False,
1968,Night,False,True,False,False,False,
1969,Night,False,True,False,False,False,
1970,Night,False,True,False,False,False,
1971,Night,False,True,False,False,False,
1972,Night,False,True,False,False,False,
1973,Night,False,True,False,False,False,
1974,Night,False,True,False,False,False,
1975,Night,False,True,False,False,False,
1976,Night,False,True,False,False,False,
1977,Night,False,True,False,False,False,
1978,Night,False,True,False,False,False,
1979,Night,False,True,False,False,False,
1980,Night,False,True,False,False,False,
1981,Night,False,True,False,False,False,
1982,Night,False,True,False,False,False,
1983,Night,False,True,False,False,False,
1984,Night,False,True,False,False,False,
1985,Night,False,True,False,False,False,
1986,Night,False,True,False,False,False,
1987,Night,False,True,False,False,False,
1988,Night,False,True,False,False,False,
1989,Night,False,True,False,False,False,
1990,Night,False,True,False,False,False,
1991,Night,False,True,False,False,False,
1992,Night,False,True,False,False,False,
1993,Night,False,True,False,False,False,
1994,Night,False,True,False,False,False,
1995,Night,False,True,False,False,False,
1996,Night,False,True,False,False,False,
1997,Night,False,True,False,False,False,
1998,Night,False,True,False,False,False,
1999,Night,False,True,False,False,False,
2000,Day,False,True,False,False,False,
2001,Day,False,True,False,False,False,
2002,Day,False,True,False,False,False,
2003,Day,False,True,False,False,False,
2004,Day,False,True,False,False,False,
2005,Day,False,True,False,False,False,
2006,Day,False,True,False,False,False,
2007,Day,False,True,False,False,False,
2008,Day,False,True,False,False,False,
2009,Day,False,True,False,False,False,
2010,Day,False,True,False,False,False,
2011,Day,False,True,False,False,False,
2012,Day,False,True,False,False,False,
2013,Day,False,True,False,False,False,
2014,Day,False,True,False,False,False,
2015,Day,False,True,False,False,False,
2016,Day,False,True,False,False,False,
2017,Day,False,True,False,False,False,
2018,Day,False,True,False,False,False,
2019,Day,False,True,False,False,False,
2020,Day,False,True,False,False,False,
2021,Day,False,True,False,False,False,
2022,Day,False,True,False,False,False,
2023,Day,False,True,False,False,False,
2024,Day,False,True,False,False,False,
2025,Day,False,True,False,False,False,
2026,Day,False,True,False,False,False,
2027,Day,False,True,False,False,False,
2028,Day,False,True,False,False,False,
2029,Day,False,True,False,False,False,
2030,Day,False,True,False,False,False,
2031,Day,False,True,False,False,False,
2032,Day,False,True,False,False,False,
2033,Day,False,True,False,False,False,
2034,Day,False,True,False,False,False,
2035,Day,False,True,False,False,False,
2036,Day,False,True,False,False,False,
2037,Day,False,True,False,False,False,
2038,Day,False,True,False,False,False,
2039,Day,False,True,False,False,False,
2040,Day,False,True,False,False,False,
2041,Day,False,True,False,False,False,
2042,Day,False,True,False,False,False,
2043,Day,False,True,False,False,False,
2044,Day,False,True,False,False,False,
2045,Day,False,True,False,False,False,
2046,Day,False,True,False,False,False,
2047,Day,False,True,False,False,False,
2048,Day,False,True,False,False,False,
2049,Day,False,True,False,False,False,
2050,Day,False,True,False,False,False,
2051,Day,False,True,False,False,False,
2052,Day,False,True,False,False,False,
2053,Day,False,True,False,False,False,
2054,Day,False,True,False,False,False,
2055,Day,False,True,False,False,False,
2056,Day,False,True,False,False,False,
2057,Day,False,True,False,False,False,
2058,Day,False,True,False,False,False,
2059,Day,False,True,False,False,False,
2060,Day,False,True,False,False,False,
2061,Day,False,True,False,False,False,
2062,Day,False,True,False,False,False,
2063,Day,False,True,False,False,False,
2064,Day,False,True,False,False,False,
2065,Day,False,True,False,False,False,
2066,Day,False,True,False,False,False,
2067,Day,False,True,False,False,False,
2068,Day,False,True,False,False,False,
2069,Day,False,True,False,False,False,
2070,Day,False,True,False,False,True,12.0
2071,Day,False,True,False,False,False,
2072,Day,False,True,False,False,False,
2073,Day,False,True,False,False,False,
2074,Day,False,True,False,False,False,
2075,Day,False,True,False,False,False,
2076,Day,False,True,False,False,False,
2077,Day,False,True,False,False,False,
2078,Day,False,True,False,False,False,
2079,Day,False,True,False,False,False,
2080,Day,True,True,False,False,False,
2081,Day,True,True,False,False,False,
2082,Day,True,True,False,False,False,
2083,Day,True,True,False,False,False,
2084,Day,True,True,False,False,False,
2085,Day,True,True,False,False,False,
2086,Day,True,True,False,False,False,
2087,Day,True,True,False,False,False,
2088,Day,True,True,False,False,False,
2089,Day,True,True,False,False,False,
2090,Day,True,True,False,False,False,
2091,Day,True,True,False,False,False,
2092,Day,True,True,False,False,False,
2093,Day,True,True,False,False,False,
2094,Day,True,True,False,False,False,
2095,Day,True,True,False,False,False,
2096,Day,True,True,False,False,False,
2097,Day,True,True,False,False,False,
2098,Day,True,True,False,False,False,
2099,Day,True,True,False,False,False,
2100,Day,True,True,False,False,False,
2101,Day,True,True,False,False,False,
2102,Day,True,True,False,True,True,13.0
2103,Day,True,True,False,False,False,
2104,Day,True,True,False,False,False,
2105,Day,True,True,False,False,False,
2106,Day,True,True,False,False,False,
2107,Day,True,True,False,False,False,
2108,Day,True,True,False,False,False,
2109,Day,True,True,False,False,False,
2110,Day,True,True,False,False,False,
2111,Day,True,True,False,False,False,
2112,Day,True,True,False,False,False,
2113,Day,True,True,False,False,False,
2114,Day,True,True,False,False,False,
2115,Day,True,True,False,False,False,
2116,Day,True,True,False,False,False,
2117,Day,True,True,False,False,False,
2118,Day,True,True,False,False,False,
2119,Day,True,True,False,False,False,
2120,Day,False,True,False,False,False,
2121,Day,False,True,False,False,False,
2122,Day,False,True,False,False,False,
2123,Day,False,True,False,False,False,
2124,Day,False,True,False,False,False,
2125,Day,False,True,False,False,False,
2126,Day,False,True,False,False,False,
2127,Day,False,True,False,False,False,
2128,Day,False,True,False,False,False,
2129,Day,False,True,False,False,False,
2130,Day,False,True,False,False,False,
2131,Day,False,True,False,False,False,
2132,Day,False,True,False,False,False,
2133,Day,False,True,False,False,False,
2134,Day,False,True,False,False,False,
2135,Day,False,True,False,False,False,
2136,Day,False,True,False,False,False,
2137,Day,False,True,False,False,False,
2138,Day,False,True,False,False,False,
2139,Day,False,True,False,False,False,
2140,Day,False,True,False,False,False,
2141,Day,False,True,False,False,False,
2142,Day,False,True,False,False,False,
2143,Day,False,True,False,False,False,
2144,Day,False,True,False,False,False,
2145,Day,False,True,False,False,False,
2146,Day,False,True,False,False,False,
2147,Day,False,True,False,False,False,
2148,Day,False,True,False,False,False,
2149,Day,False,True,False,False,False,
2150,Day,False,True,False,False,False,
2151,Day,False,True,False,False,False,
2152,Day,False,True,False,False,False,
2153,Day,False,True,False,False,False,
2154,Day,False,True,False,False,False,
2155,Day,False,True,False,False,False,
2156,Day,False,True,False,False,False,
2157,Day,False,True,False,False,False,
2158,Day,False,True,False,False,False,
2159,Day,False,True,False,False,False,
2160,Day,False,True,False,False,False,
2161,Day,False,True,False,False,False,
2162,Day,False,True,False,False,False,
2163,Day,False,True,False,False,False,
2164,Day,False,True,False,False,False,
2165,Day,False,True,False,False,False,
2166,Day,False,True,False,False,False,
2167,Day,False,True,False,False,False,
2168,Day,False,True,False,False,False,
2169,Day,False,True,False,False,False,
2170,Day,False,True,False,False,False,
2171,Day,False,True,False,False,False,
2172,Day,False,True,False,False,False,
2173,Day,False,True,False,False,False,
2174,Day,False,True,False,False,False,
2175,Day,False,True,True,False,True,7.0
2176,Day,False,True,False,False,False,
2177,Day,False,True,False,False,False,
2178,Day,False,True,False,False,False,
2179,Day,False,True,False,False,False,
2180,Day,False,True,False,False,False,
2181,Day,False,True,False,False,False,
2182,Day,False,True,False,False,False,
2183,Day,False,True,False,False,False,
2184,Day,False,True,False,False,False,
2185,Day,False,True,False,False,False,
2186,Day,False,True,False,False,False,
2187,Day,False,True,False,False,False,
2188,Day,False,True,False,False,False,
2189,Day,False,True,False,False,False,
2190,Day,False,True,False,False,False,
2191,Day,False,True,False,False,False,
2192,Day,False,True,False,False,False,
2193,Day,False,True,False,False,False,
2194,Day,False,True,False,False,False,
2195,Day,False,True,False,False,False,
2196,Day,False,True,False,False,False,
2197,Day,False,True,False,False,False,
2198,Day,False,True,False,False,False,
2199,Day,False,True,False,False,False,
2200,Day,False,True,False,False,False,
2201,Day,False,True,False,False,False,
2202,Day,False,True,False,False,False,
2203,Day,False,True,False,False,False,
2204,Day,False,True,False,False,False,
2205,Day,False,True,False,False,False,
2206,Day,False,True,False,False,False,
2207,Day,False,True,False,False,False,
2208,Day,False,True,False,False,False,
2209,Day,False,True,False,False,False,
2210,Day,False,True,False,False,False,
2211,Day,False,True,False,False,False,
2212,Day,False,True,False,False,False,
2213,Day,False,True,False,False,False,
2214,Day,False,True,False,False,False,
2215,Day,False,True,False,False,False,
2216,Day,False,True,False,False,False,
2217,Day,False,True,False,False,False,
2218,Day,False,True,False,False,False,
2219,Day,False,True,False,False,False,
2220,Day,False,True,False,False,False,
2221,Day,False,True,False,False,False,
2222,Day,False,True,False,False,False,
2223,Day,False,True,False,False,False,
2224,Day,False,True,False,False,False,
2225,Day,False,True,False,False,False,
2226,Day,False,True,False,False,False,
2227,Day,False,True,False,False,False,
2228,Day,False,True,False,False,False,
2229,Day,False,True,False,False,False,
2230,Day,False,True,False,False,False,
2231,Day,False,True,False,False,False,
2232,Day,False,True,False,False,False,
2233,Day,False,True,False,False,False,
2234,Day,False,True,False,False,False,
2235,Day,False,True,False,False,False,
2236,Day,False,True,False,False,False,
2237,Day,False,True,False,False,False,
2238,Day,False,True,False,False,False,
2239,Day,False,True,False,False,False,
2240,Day,False,True,False,False,False,
2241,Day,False,True,False,False,False,
2242,Day,False,True,False,False,False,
2243,Day,False,True,False,False,False,
2244,Day,False,True,False,False,False,
2245,Day,False,True,False,False,False,
2246,Day,False,True,False,False,False,
2247,Day,False,True,False,False,False,
2248,Day,False,True,False,False,False,
2249,Day,False,True,False,False,False,
2250,Night,False,True,False,False,False,
2251,Night,False,True,False,False,False,
2252,Night,False,True,False,False,False,
2253,Night,False,True,False,False,False,
2254,Night,False,True,False,False,False,
2255,Night,False,True,False,False,False,
2256,Night,False,True,False,False,False,
2257,Night,False,True,False,False,False,
2258,Night,False,True,False,False,False,
2259,Night,False,True,False,False,False,
2260,Night,False,True,False,False,False,
2261,Night,False,True,False,False,False,
2262,Night,False,True,False,False,False,
2263,Night,False,True,False,False,False,
2264,Night,False,True,False,False,False,
2265,Night,False,True,False,False,False,
2266,Night,False,True,False,False,False,
2267,Night,False,True,False,False,False,
2268,Night,False,True,False,False,False,
2269,Night,False,True,False,False,False,
2270,Night,False,True,False,False,False,
2271,Night,False,True,False,False,False,
2272,Night,False,True,False,False,False,
2273,Night,False,True,False,False,False,
2274,Night,False,True,False,False,False,
2275,Night,False,True,False,False,False,
2276,Night,False,True,False,False,False,
2277,Night,False,True,False,False,False,
2278,Night,False,True,False,False,False,
2279,Night,False,True,False,False,False,
2280,Night,False,True,False,False,False,
2281,Night,False,True,False,False,False,
2282,Night,False,True,False,False,False,
2283,Night,False,True,False,False,False,
2284,Night,False,True,False,False,False,
2285,Night,False,True,False,False,False,
2286,Night,False,True,False,False,False,
2287,Night,False,True,False,False,False,
2288,Night,False,True,False,False,False,
2289,Night,False,True,False,False,False,
2290,Night,False,True,False,False,False,
2291,Night,False,True,False,False,False,
2292,Night,False,True,False,False,False,
2293,Night,False,True,False,False,False,
2294,Night,False,True,False,False,False,
2295,Night,False,True,False,False,False,
2296,Night,False,True,False,False,False,
2297,Night,False,True,False,False,False,
2298,Night,False,True,False,False,False,
2299,Night,False,True,False,False,False,
2300,Night,False,True,False,False,False,
2301,Night,False,True,False,False,False,
2302,Night,False,True,False,False,False,
2303,Night,False,True,False,False,False,
2304,Night,False,True,False,False,False,
2305,Night,False,True,False,False,False,
2306,Night,False,True,False,False,False,
2307,Night,False,True,False,False,False,
2308,Night,False,True,False,False,False,
2309,Night,False,True,False,False,False,
2310,Night,False,True,False,False,False,
2311,Night,False,True,False,False,False,
2312,Night,False,True,False,False,False,
2313,Night,False,True,False,False,False,
2314,Night,False,True,False,False,False,
2315,Night,False,True,False,False,False,
2316,Night,False,True,False,False,False,
2317,Night,False,True,False,False,False,
2318,Night,False,True,False,False,False,
2319,Night,False,True,False,False,False,
2320,Night,False,True,False,False,False,
2321,Night,False,True,False,False,False,
2322,Night,False,True,False,False,False,
2323,Night,False,True,False,False,False,
2324,Night,False,True,False,False,False,
2325,Night,False,True,False,False,False,
2326,Night,False,True,False,False,False,
2327,Night,False,True,False,False,False,
2328,Night,False,True,False,False,False,
2329,Night,False,True,False,False,False,
2330,Night,False,True,False,False,False,
2331,Night,False,True,False,False,False,
2332,Night,False,True,False,False,False,
2333,Night,False,True,False,False,False,
2334,Night,False,True,False,False,False,
2335,Night,False,True,False,False,False,
2336,Night,False,True,False,False,False,
2337,Night,False,True,False,False,False,
2338,Night,False,True,False,False,False,
2339,Night,False,True,False,False,False,
2340,Night,False,True,False,False,False,
2341,Night,False,True,False,False,False,
2342,Night,False,True,False,False,False,
2343,Night,False,True,False,False,False,
2344,Night,False,True,False,False,False,
2345,Night,False,True,False,False,False,
2346,Night,False,True,False,False,False,
2347,Night,False,True,False,False,False,
2348,Night,False,True,False,False,False,
2349,Night,False,True,False,False,False,
2350,Night,False,True,False,False,False,
2351,Night,False,True,False,False,False,
2352,Night,False,True,False,False,False,
2353,Night,False,True,False,False,False,
2354,Night,False,True,False,False,False,
2355,Night,False,True,False,False,False,
2356,Night,False,True,False,False,False,
2357,Night,False,True,False,False,True,12.0
2358,Night,False,True,False,False,False,
2359,Night,False,True,False,False,False,
2360,Night,False,True,False,False,False,
2361,Night,False,True,False,False,False,
2362,Night,False,True,False,False,False,
2363,Night,False,True,False,False,False,
2364,Night,False,True,False,False,False,
2365,Night,False,True,False,False,False,
2366,Night,False,True,False,False,False,
2367,Night,False,True,False,False,False,
2368,Night,False,True,False,False,False,
2369,Night,False,True,False,False,False,
2370,Night,False,True,False,False,False,
2371,Night,False,True,False,False,False,
2372,Night,False,True,False,False,False,
2373,Night,False,True,False,False,False,
2374,Night,False,True,False,False,False,
2375,Night,False,True,False,False,False,
2376,Night,False,True,False,False,False,
2377,Night,False,True,False,False,False,
2378,Night,False,True,False,False,False,
2379,Night,False,True,False,False,False,
2380,Night,False,True,False,False,False,
2381,Night,False,True,False,False,False,
2382,Night,False,True,False,True,True,13.0
2383,Night,False,True,False,False,False,
2384,Night,False,True,False,False,False,
2385,Night,False,True,False,False,False,
2386,Night,False,True,False,False,False,
2387,Night,False,True,False,False,False,
2388,Night,False,True,False,False,False,
2389,Night,False,True,False,False,False,
2390,Night,False,True,False,False,False,
2391,Night,False,True,False,False,False,
2392,Night,False,True,False,False,False,
2393,Night,False,True,False,False,False,
2394,Night,False,True,False,False,False,
2395,Night,False,True,False,False,False,
2396,Night,False,True,False,False,True,12.0
2397,Night,False,True,False,False,False,
2398,Night,False,True,False,False,False,
2399,Night,False,True,False,False,False,
2400,Night,False,True,False,False,False,
2401,Night,False,True,False,False,False,
2402,Night,False,True,False,False,False,
2403,Night,False,True,False,False,False,
2404,Night,False,True,False,False,False,
2405,Night,False,True,False,False,False,
2406,Night,False,True,False,False,False,
2407,Night,False,True,False,False,False,
2408,Night,False,True,False,False,False,
2409,Night,False,True,False,False,False,
2410,Night,False,True,False,False,False,
2411,Night,False,True,False,False,False,
2412,Night,False,True,False,False,False,
2413,Night,False,True,False,False,False,
2414,Night,False,True,False,False,False,
2415,Night,False,True,False,False,False,
2416,Night,False,True,False,False,False,
2417,Night,False,True,False,False,False,
2418,Night,False,True,False,False,False,
2419,Night,False,True,False,False,False,
2420,Night,False,True,False,False,False,
2421,Night,False,True,False,False,False,
2422,Night,False,True,False,False,False,
2423,Night,False,True,False,False,False,
2424,Night,False,True,False,False,False,
2425,Night,False,True,False,False,False,
2426,Night,False,True,False,False,False,
2427,Night,False,True,False,True,True,13.0
2428,Night,False,True,False,False,False,
2429,Night,False,True,False,False,False,
2430,Night,False,True,False,False,False,
2431,Night,False,True,False,False,False,
2432,Night,False,True,False,False,False,
2433,Night,False,True,False,False,False,
2434,Night,False,True,False,False,False,
2435,Night,False,True,False,False,False,
2436,Night,False,True,False,False,False,
2437,Night,False,True,False,False,False,
2438,Night,False,True,False,False,False,
2439,Night,False,True,True,False,True,7.0
2440,Night,False,True,False,False,False,
2441,Night,False,True,False,False,False,
2442,Night,False,True,False,False,False,
2443,Night,False,True,False,False,False,
2444,Night,False,True,False,False,False,
2445,Night,False,True,False,False,False,
2446,Night,False,True,False,False,False,
2447,Night,False,True,False,False,False,
2448,Night,False,True,False,False,False,
2449,Night,False,True,False,False,False,
2450,Night,False,True,False,False,False,
2451,Night,False,True,False,False,False,
2452,Night,False,True,False,False,False,
2453,Night,False,True,False,False,False,
2454,Night,False,True,False,False,False,
2455,Night,False,True,False,False,False,
2456,Night,False,True,False,False,False,
2457,Night,False,True,False,False,False,
2458,Night,False,True,False,False,False,
2459,Night,False,True,False,False,False,
2460,Night,False,True,False,False,False,
2461,Night,False,True,False,False,False,
2462,Night,False,True,False,False,False,
2463,Night,False,True,False,False,False,
2464,Night,False,True,False,False,False,
2465,Night,False,True,False,False,False,
2466,Night,False,True,False,False,False,
2467,Night,False,True,False,False,False,
2468,Night,False,True,False,False,False,
2469,Night,False,True,False,False,False,
2470,Night,False,True,False,False,False,
2471,Night,False,True,False,False,False,
2472,Night,False,True,False,False,False,
2473,Night,False,True,False,False,False,
2474,Night,False,True,False,False,False,
2475,Night,False,True,False,False,False,
2476,Night,False,True,False,False,False,
2477,Night,False,True,False,False,False,
2478,Night,False,True,False,False,False,
2479,Night,False,True,False,False,False,
2480,Night,False,True,False,False,False,
2481,Night,False,True,False,False,False,
2482,Night,False,True,False,False,False,
2483,Night,False,True,False,False,False,
2484,Night,False,True,False,False,False,
2485,Night,False,True,False,False,False,
2486,Night,False,True,False,False,False,
2487,Night,False,True,False,False,False,
2488,Night,False,True,False,False,False,
2489,Night,False,True,False,False,False,
2490,Night,False,True,False,False,False,
2491,Night,False,True,False,False,False,
2492,Night,False,True,False,False,False,
2493,Night,False,True,False,False,False,
2494,Night,False,True,False,False,False,
2495,Night,False,True,False,False,False,
2496,Night,False,True,False,False,False,
2497,Night,False,True,False,False,False,
2498,Night,False,True,False,False,False,
2499,Night,False,True,False,False,False,
2500,Day,False,True,False,False,False,
2501,Day,False,True,False,False,False,
2502,Day,False,True,False,False,False,
2503,Day,False,True,False,False,False,
2504,Day,False,True,False,False,False,
2505,Day,False,True,False,False,False,
2506,Day,False,True,False,False,False,
2507,Day,False,True,False,False,False,
2508,Day,False,True,False,False,False,
2509,Day,False,True,False,False,False,
2510,Day,False,True,False,False,False,
2511,Day,False,True,False,False,False,
2512,Day,False,True,False,False,False,
2513,Day,False,True,False,False,False,
2514,Day,False,True,False,False,False,
2515,Day,False,True,False,False,False,
2516,Day,False,True,False,False,False,
2517,Day,False,True,False,False,False,
2518,Day,False,True,False,False,False,
2519,Day,False,True,False,False,False,
2520,Day,False,True,False,False,False,
2521,Day,False,True,False,False,False,
2522,Day,False,True,False,False,False,
2523,Day,False,True,False,False,False,
2524,Day,False,True,False,False,False,
2525,Day,False,True,False,False,False,
2526,Day,False,True,False,False,False,
2527,Day,False,True,False,False,False,
2528,Day,False,True,False,False,False,
2529,Day,False,True,False,False,False,
2530,Day,False,True,False,False,False,
2531,Day,False,True,False,False,False,
2532,Day,False,True,False,False,False,
2533,Day,False,True,False,False,False,
2534,Day,False,True,False,False,False,
2535,Day,False,True,False,False,False,
2536,Day,False,True,False,False,False,
2537,Day,False,True,False,False,False,
2538,Day,False,True,False,False,False,
2539,Day,False,True,False,False,False,
2540,Day,False,True,False,False,False,
2541,Day,False,True,False,False,False,
2542,Day,False,True,False,False,False,
2543,Day,False,True,False,False,False,
2544,Day,False,True,False,False,False,
2545,Day,False,True,False,False,False,
2546,Day,False,True,False,False,False,
2547,Day,False,True,False,False,False,
2548,Day,False,True,False,False,False,
2549,Day,False,True,False,False,False,
2550,Day,False,True,False,False,False,
2551,Day,False,True,False,False,False,
2552,Day,False,True,False,False,False,
2553,Day,False,True,False,False,False,
2554,Day,False,True,False,False,False,
2555,Day,False,True,False,False,False,
2556,Day,False,True,False,False,False,
2557,Day,False,True,False,False,False,
2558,Day,False,True,False,False,False,
2559,Day,False,True,False,False,False,
2560,Day,False,True,False,False,False,
2561,Day,False,True,False,False,False,
2562,Day,False,True,False,False,False,
2563,Day,False,True,False,False,False,
2564,Day,False,True,False,False,False,
2565,Day,False,True,False,False,False,
2566,Day,False,True,False,False,False,
2567,Day,False,True,False,False,False,
2568,Day,False,True,False,False,False,
2569,Day,False,True,False,False,False,
2570,Day,False,True,False,False,False,
2571,Day,False,True,False,False,False,
2572,Day,False,True,False,False,False,
2573,Day,False,True,False,False,False,
2574,Day,False,True,False,False,False,
2575,Day,False,True,False,False,False,
2576,Day,False,True,False,False,False,
2577,Day,False,True,False,False,False,
2578,Day,False,True,False,False,False,
2579,Day,False,True,False,False,False,
2580,Day,False,True,False,False,False,
2581,Day,False,True,False,False,False,
2582,Day,False,True,False,False,False,
2583,Day,False,True,False,False,False,
2584,Day,False,True,False,False,False,
2585,Day,False,True,False,False,False,
2586,Day,False,True,False,False,False,
2587,Day,False,True,False,False,False,
2588,Day,False,True,False,False,False,
2589,Day,False,True,False,False,False,
2590,Day,False,True,False,False,False,
2591,Day,False,True,False,False,False,
2592,Day,False,True,False,False,False,
2593,Day,False,True,False,False,False,
2594,Day,False,True,False,False,False,
2595,Day,False,True,False,False,False,
2596,Day,False,True,False,False,False,
2597,Day,False,True,False,False,False,
2598,Day,False,True,True,False,True,7.0
2599,Day,False,True,False,False,False,
2600,Day,False,True,False,False,False,
2601,Day,False,True,False,False,False,
2602,Day,False,True,False,False,False,
2603,Day,False,True,False,False,False,
2604,Day,False,True,False,False,False,
2605,Day,False,True,False,False,False,
2606,Day,False,True,False,False,False,
2607,Day,False,True,False,False,False,
2608,Day,False,True,False,False,False,
2609,Day,False,True,False,False,False,
2610,Day,False,True,False,False,False,
2611,Day,False,True,False,False,False,
2612,Day,False,True,False,False,False,
2613,Day,False,True,False,False,False,
2614,Day,False,True,False,False,False,
2615,Day,False,True,False,False,False,
2616,Day,False,True,False,False,False,
2617,Day,False,True,False,False,False,
2618,Day,False,True,False,False,False,
2619,Day,False,True,False,False,False,
2620,Day,False,True,False,False,False,
2621,Day,False,True,False,False,False,
2622,Day,False,True,False,False,False,
2623,Day,False,True,False,False,False,
2624,Day,False,True,False,False,False,
2625,Day,False,True,False,False,True,12.0
2626,Day,False,True,False,False,False,
2627,Day,False,True,False,False,False,
2628,Day,False,True,False,False,False,
2629,Day,False,True,False,False,False,
2630,Day,False,True,False,False,False,
2631,Day,False,True,False,False,False,
2632,Day,False,True,False,False,False,
2633,Day,False,True,False,False,False,
2634,Day,False,True,False,False,False,
2635,Day,False,True,False,False,False,
2636,Day,False,True,False,False,False,
2637,Day,False,True,False,False,False,
2638,Day,False,True,False,False,False,
2639,Day,False,True,False,False,False,
2640,Day,False,True,False,False,False,
2641,Day,False,True,False,False,False,
2642,Day,False,True,False,False,False,
2643,Day,False,True,False,False,False,
2644,Day,False,True,False,False,False,
2645,Day,False,True,False,False,False,
2646,Day,False,True,False,False,False,
2647,Day,False,True,False,False,False,
2648,Day,False,True,False,False,False,
2649,Day,False,True,False,False,False,
2650,Day,False,True,False,False,False,
2651,Day,False,True,False,False,False,
2652,Day,False,True,False,False,False,
2653,Day,False,True,False,False,False,
2654,Day,False,True,False,False,False,
2655,Day,False,True,False,False,False,
2656,Day,False,True,False,False,False,
2657,Day,False,True,False,False,False,
2658,Day,False,True,False,False,False,
2659,Day,False,True,False,False,False,
2660,Day,False,True,False,False,False,
2661,Day,False,True,False,False,False,
2662,Day,False,True,False,False,False,
2663,Day,False,True,False,False,False,
2664,Day,False,True,False,False,False,
2665,Day,False,True,False,False,False,
2666,Day,False,True,False,False,False,
2667,Day,False,True,False,False,False,
2668,Day,False,True,False,False,False,
2669,Day,False,True,False,False,False,
2670,Day,False,True,False,False,False,
2671,Day,False,True,False,False,False,
2672,Day,False,True,False,False,False,
2673,Day,False,True,False,False,False,
2674,Day,False,True,False,False,False,
2675,Day,False,True,False,False,False,
2676,Day,False,True,False,False,False,
2677,Day,False,True,False,False,False,
2678,Day,False,True,False,False,False,
2679,Day,False,True,False,False,False,
2680,Day,True,True,False,False,False,
2681,Day,True,True,False,False,False,
2682,Day,True,True,False,False,False,
2683,Day,True,True,False,False,False,
2684,Day,True,True,False,False,False,
2685,Day,True,True,False,False,False,
2686,Day,True,True,False,False,False,
2687,Day,True,True,False,False,False,
2688,Day,True,True,False,False,False,
2689,Day,True,True,False,False,False,
2690,Day,True,True,False,False,False,
2691,Day,True,True,False,False,False,
2692,Day,True,True,False,False,False,
2693,Day,True,True,False,False,False,
2694,Day,True,True,False,False,False,
2695,Day,True,True,False,False,False,
2696,Day,True,True,False,False,False,
2697,Day,True,True,False,False,False,
2698,Day,True,True,False,False,False,
2699,Day,True,True,False,False,False,
2700,Day,True,True,False,False,False,
2701,Day,True,True,False,False,False,
2702,Day,True,True,False,False,False,
2703,Day,True,True,True,False,True,7.0
2704,Day,True,True,True,False,True,7.0
2705,Day,True,True,True,False,True,7.0
2706,Day,True,True,True,False,True,7.0
2707,Day,True,True,False,False,False,
2708,Day,True,True,False,False,False,
2709,Day,True,True,False,False,False,
2710,Day,True,True,False,False,False,
2711,Day,True,True,False,False,False,
2712,Day,True,True,False,False,False,
2713,Day,True,True,False,False,False,
2714,Day,True,True,False,False,False,
2715,Day,True,True,False,False,False,
2716,Day,True,True,False,False,False,
2717,Day,True,True,False,False,False,
2718,Day,True,True,False,False,False,
2719,Day,True,True,False,False,False,
2720,Day,False,True,False,False,False,
2721,Day,False,True,False,False,False,
2722,Day,False,True,False,False,False,
2723,Day,False,True,False,False,False,
2724,Day,False,True,False,False,False,
2725,Day,False,True,False,False,False,
2726,Day,False,True,False,False,False,
2727,Day,False,True,False,False,False,
2728,Day,False,True,False,False,False,
2729,Day,False,True,False,False,False,
2730,Day,False,True,False,False,False,
2731,Day,False,True,False,False,True,12.0
2732,Day,False,True,False,False,False,
2733,Day,False,True,False,False,False,
2734,Day,False,True,False,False,False,
2735,Day,False,True,False,False,False,
2736,Day,False,True,False,False,False,
2737,Day,False,True,False,False,False,
2738,Day,False,True,False,False,False,
2739,Day,False,True,False,False,False,
2740,Day,False,True,False,False,False,
2741,Day,False,True,False,False,False,
2742,Day,False,True,False,False,False,
2743,Day,False,True,False,False,False,
2744,Day,False,True,False,False,False,
2745,Day,False,True,False,False,False,
2746,Day,False,True,False,False,False,
2747,Day,False,True,False,False,False,
2748,Day,False,True,False,False,False,
2749,Day,False,True,False,False,False,
2750,Night,False,True,False,True,True,13.0
2751,Night,False,True,False,False,False,
2752,Night,False,True,False,False,False,
2753,Night,False,True,False,False,False,
2754,Night,False,True,False,False,False,
2755,Night,False,True,False,False,False,
2756,Night,False,True,False,False,False,
2757,Night,False,True,False,False,False,
2758,Night,False,True,False,False,False,
2759,Night,False,True,False,False,False,
2760,Night,False,True,False,False,False,
2761,Night,False,True,False,False,False,
2762,Night,False,True,False,False,False,
2763,Night,False,True,False,False,False,
2764,Night,False,True,False,False,False,
2765,Night,False,True,False,False,False,
2766,Night,False,True,False,False,False,
2767,Night,False,True,False,False,False,
2768,Night,False,True,False,False,False,
2769,Night,False,True,False,False,True,12.0
2770,Night,False,True,False,False,False,
2771,Night,False,True,False,False,False,
2772,Night,False,True,False,False,False,
2773,Night,False,True,False,False,False,
2774,Night,False,True,False,False,False,
2775,Night,False,True,False,False,False,
2776,Night,False,True,False,False,False,
2777,Night,False,True,False,False,False,
2778,Night,False,True,False,False,False,
2779,Night,False,True,False,False,False,
2780,Night,False,True,False,False,False,
2781,Night,False,True,False,False,False,
2782,Night,False,True,False,False,False,
2783,Night,False,True,False,False,False,
2784,Night,False,True,False,False,False,
2785,Night,False,True,False,False,False,
2786,Night,False,True,False,False,False,
2787,Night,False,True,False,False,False,
2788,Night,False,True,False,False,False,
2789,Night,False,True,False,False,False,
2790,Night,False,True,False,False,False,
2791,Night,False,True,False,False,False,
2792,Night,False,True,False,False,False,
2793,Night,False,True,False,False,False,
2794,Night,False,True,False,False,False,
2795,Night,False,True,False,False,False,
2796,Night,False,True,False,False,False,
2797,Night,False,True,False,False,False,
2798,Night,False,True,False,False,False,
2799,Night,False,True,False,False,False,
2800,Night,False,True,False,False,False,
2801,Night,False,True,False,False,False,
2802,Night,False,True,False,False,False,
2803,Night,False,True,False,False,False,
2804,Night,False,True,False,False,False,
2805,Night,False,True,False,False,False,
2806,Night,False,True,False,False,False,
2807,Night,False,True,False,False,False,
2808,Night,False,True,False,False,False,
2809,Night,False,True,False,False,False,
2810,Night,False,True,False,False,True,12.0
2811,Night,False,True,False,False,False,
2812,Night,False,True,False,False,False,
2813,Night,False,True,False,False,False,
2814,Night,False,True,False,False,False,
2815,Night,False,True,False,False,False,
2816,Night,False,True,False,False,False,
2817,Night,False,True,False,False,False,
2818,Night,False,True,False,False,False,
2819,Night,False,True,False,True,True,13.0
2820,Night,False,True,False,False,False,
2821,Night,False,True,False,False,False,
2822,Night,False,True,False,False,False,
2823,Night,False,True,False,False,False,
2824,Night,False,True,False,False,False,
2825,Night,False,True,False,False,False,
2826,Night,False,True,False,False,False,
2827,Night,False,True,False,False,False,
2828,Night,False,True,False,False,False,
2829,Night,False,True,False,False,False,
2830,Night,False,True,False,False,False,
2831,Night,False,True,False,False,False,
2832,Night,False,True,False,False,False,
2833,Night,False,True,False,False,False,
2834,Night,False,True,False,False,False,
2835,Night,False,True,False,False,False,
2836,Night,False,True,False,False,False,
2837,Night,False,True,False,False,False,
2838,Night,False,True,False,False,False,
2839,Night,False,True,False,False,False,
2840,Night,False,True,False,False,False,
2841,Night,False,True,False,False,False,
2842,Night,False,True,False,False,False,
2843,Night,False,True,False,False,False,
2844,Night,False,True,False,False,False,
2845,Night,False,True,False,False,False,
2846,Night,False,True,False,False,False,
2847,Night,False,True,False,False,False,
2848,Night,False,True,False,False,False,
2849,Night,False,True,False,False,False,
2850,Night,False,True,False,False,False,
2851,Night,False,True,False,False,False,
2852,Night,False,True,False,False,False,
2853,Night,False,True,False,False,False,
2854,Night,False,True,False,False,False,
2855,Night,False,True,False,False,False,
2856,Night,False,True,False,False,False,
2857,Night,False,True,False,False,False,
2858,Night,False,True,False,False,False,
2859,Night,False,True,False,False,False,
2860,Night,False,True,False,False,False,
2861,Night,False,True,False,False,False,
2862,Night,False,True,False,False,False,
2863,Night,False,True,False,False,False,
2864,Night,False,True,False,False,False,
2865,Night,False,True,False,False,True,12.0
2866,Night,False,True,False,False,False,
2867,Night,False,True,False,False,False,
2868,Night,False,True,False,False,False,
2869,Night,False,True,False,False,False,
2870,Night,False,True,False,False,False,
2871,Night,False,True,False,False,False,
2872,Night,False,True,False,False,False,
2873,Night,False,True,False,False,False,
2874,Night,False,True,False,False,False,
2875,Night,False,True,False,False,False,
2876,Night,False,True,False,False,False,
2877,Night,False,True,False,False,False,
2878,Night,False,True,False,False,False,
2879,Night,False,True,False,False,False,
2880,Night,False,True,False,False,False,
2881,Night,False,True,False,False,False,
2882,Night,False,True,False,False,False,
2883,Night,False,True,False,False,False,
2884,Night,False,True,False,False,False,
2885,Night,False,True,False,False,False,
2886,Night,False,True,False,False,False,
2887,Night,False,True,False,False,False,
2888,Night,False,True,False,False,False,
2889,Night,False,True,False,False,False,
2890,Night,False,True,False,False,False,
2891,Night,False,True,False,False,False,
2892,Night,False,True,False,False,False,
2893,Night,False,True,False,False,False,
2894,Night,False,True,False,False,False,
2895,Night,False,True,False,False,False,
2896,Night,False,True,False,False,False,
2897,Night,False,True,False,False,False,
2898,Night,False,True,False,False,False,
2899,Night,False,True,False,False,False,
2900,Night,False,True,False,False,False,
2901,Night,False,True,False,False,False,
2902,Night,False,True,False,False,False,
2903,Night,False,True,False,False,False,
2904,Night,False,True,False,False,False,
2905,Night,False,True,False,False,False,
2906,Night,False,True,False,False,False,
2907,Night,False,True,False,False,False,
2908,Night,False,True,False,False,False,
2909,Night,False,True,False,False,False,
2910,Night,False,True,False,False,False,
2911,Night,False,True,False,False,False,
2912,Night,False,True,False,False,False,
2913,Night,False,True,False,False,True,12.0
2914,Night,False,True,False,False,False,
2915,Night,False,True,False,False,False,
2916,Night,False,True,False,False,False,
2917,Night,False,True,False,False,False,
2918,Night,False,True,False,False,False,
2919,Night,False,True,False,False,False,
2920,Night,False,True,False,False,False,
2921,Night,False,True,False,False,False,
2922,Night,False,True,False,False,False,
2923,Night,False,True,False,False,False,
2924,Night,False,True,False,False,False,
2925,Night,False,True,False,False,False,
2926,Night,False,True,False,False,False,
2927,Night,False,True,False,False,False,
2928,Night,False,True,False,False,False,
2929,Night,False,True,False,False,False,
2930,Night,False,True,False,False,False,
2931,Night,False,True,False,False,False,
2932,Night,False,True,False,False,False,
2933,Night,False,True,False,False,False,
2934,Night,False,True,False,False,False,
2935,Night,False,True,False,True,True,13.0
2936,Night,False,True,False,False,False,
2937,Night,False,True,False,False,False,
2938,Night,False,True,False,False,False,
2939,Night,False,True,False,False,False,
2940,Night,False,True,False,False,False,
2941,Night,False,True,False,False,False,
2942,Night,False,True,False,False,False,
2943,Night,False,True,False,False,False,
2944,Night,False,True,False,False,False,
2945,Night,False,True,False,False,False,
2946,Night,False,True,False,False,False,
2947,Night,False,True,False,False,False,
2948,Night,False,True,False,False,False,
2949,Night,False,True,False,False,False,
2950,Night,False,True,False,False,False,
2951,Night,False,True,False,False,False,
2952,Night,False,True,False,False,False,
2953,Night,False,True,False,False,False,
2954,Night,False,True,False,False,False,
2955,Night,False,True,False,False,False,
2956,Night,False,True,False,False,False,
2957,Night,False,True,False,False,False,
2958,Night,False,True,False,False,False,
2959,Night,False,True,False,False,False,
2960,Night,True,True,False,False,False,
2961,Night,True,True,False,False,False,
2962,Night,True,True,False,False,False,
2963,Night,True,True,False,False,False,
2964,Night,True,True,False,False,False,
2965,Night,True,True,False,False,False,
2966,Night,True,True,False,False,False,
2967,Night,True,True,False,False,False,
2968,Night,True,True,True,False,True,7.0
2969,Night,True,True,True,False,True,7.0
2970,Night,True,True,True,False,True,7.0
2971,Night,True,True,True,False,True,7.0
2972,Night,True,True,False,False,False,
2973,Night,True,True,False,False,False,
2974,Night,True,True,False,False,False,
2975,Night,True,True,False,False,False,
2976,Night,True,True,False,False,False,
2977,Night,True,True,False,False,False,
2978,Night,True,True,False,False,False,
2979,Night,True,True,False,False,False,
2980,Night,True,True,False,False,False,
2981,Night,True,True,False,False,False,
2982,Night,True,True,False,False,False,
2983,Night,True,True,False,False,False,
2984,Night,True,True,False,False,False,
2985,Night,True,True,False,False,False,
2986,Night,True,True,False,False,False,
2987,Night,True,True,False,False,False,
2988,Night,True,True,False,False,False,
2989,Night,True,True,False,False,False,
2990,Night,True,True,False,False,False,
2991,Night,True,True,False,False,False,
2992,Night,True,True,False,False,False,
2993,Night,True,True,False,False,False,
2994,Night,True,True,False,False,False,
2995,Night,True,True,False,False,False,
2996,Night,True,True,False,False,False,
2997,Night,True,True,False,False,False,
2998,Night,True,True,False,False,False,
2999,Night,True,True,False,False,False,
3000,Day,False,True,False,False,False,
